Food_id,Item,Food_Type
fd208227,Corn Capsicum Palak [350-400 Gm],Veg
fd618531,Strawberry Luxury Cake,Veg
fd490536,Peri Peri Chessy Fries,Veg
fd680359,Bhuna Anda Manchurian Roll,Non-veg
fd458014,Gujrati Bhujia,Veg
fd221488,Fully Loaded Pizza,Veg
fd54037,Vegan Club House,Veg
fd993578,Guntur Chicken Fry Piece Biriyani,Non-veg
fd120180,Jain Cheese,Veg
fd358734,Paneer Toast (Cheese) (180 gms),Veg
fd378037,SpecialBombay Style Mutton Green Kheema,Non-veg
fd1012072,Mint & Ginger Lime [300ml],Veg
fd580697,Meat Saagwala ( Mutton ),Non-veg
fd493257,Chinese Platter 2 ( Chilly Paneer + Veg Noodles ) + Pepsi,Veg
fd226890,Bataka Ni Suki Bhaji,Veg
fd449844,Soda Lime Juice,Veg
fd51781,Chicken 65 (dry),Non-veg
fd141265,French Toast [300 Gm],Non-veg
fd767542,Basmati PlaiN Rice,Veg
fd474866,9'Mansi's Special Double Cheese Pizza,Veg
fd415236,Boil Plate,Non-veg
fd236569,Tamilnadu Delight,Veg
fd755500,Minral water,Veg
fd29426,Kaju Rocket Kg,Veg
fd36159,Sprite 1 Glass [300Ml],Veg
fd970650,Vanilla Ice-Cream Oreo Shake (300 Ml),Veg
fd851388,Guacamole Dip,Veg
fd606099,Paneer Makhani and 2 Roti,Veg
fd561567,Anda Omelette,Non-veg
fd98740,Rajasthani Lal Mass,Non-veg
fd657602,Normal Hongkong Schezwan Special Frankie,Veg
fd231951,Veg Thuukpa,Non-veg
fd436978,Orange mint,Veg
fd545136,Chicken Popcorn 8 Pc,Non-veg
fd76454,Hara Bara Kabab,Veg
fd251907,Regular Watermelon Shake,Veg
fd74865,Classic Caesar Salad Veg,Veg
fd104465,Whey Protine Smoothie,Veg
fd48233,Special Lalmohan,Veg
fd488191,PANEER SALT & PEPPER,Veg
fd104395,Mushroom Veg Curry With Herb Rice,Veg
fd88004,Gulab Jamun [2Pcs],Veg
fd45230,Paneer Mongolian,Veg
fd190384,Gujarati Chawana (200 Gms),Veg
fd945427,Lemon And Mint Mojito,Veg
fd963613,Fiery Peri Peri Paneer Pizza,Veg
fd498533,Chocolate Pattisha,Veg
fd325711,Cheese Jam Mixed Sandwich (Regular),Veg
fd358200,Black Forest Supreme Cake,Veg
fd628901,Oil Extra Pav,Veg
fd231300,Cold Brew With Cream,Veg
fd863311,R B Special Chicken Fry,Non-veg
fd244879,COMBO 鈥?3 (200 Grms.),Veg
fd168024,Green Methi Bhajiya (500 Gms),Veg
fd548110,Chicken Calazone Pizza,Non-veg
fd801359,Ragi Ball 2 Nos,Veg
fd335763,Janglee Frankie,Veg
fd745764,Creamy Veg Spring Roll,Veg
fd10617,Malai Kebab,Non-veg
fd673703,Alphonso Mango Sundae [140 Grams],Veg
fd455763,Mushroom with gobi,Veg
fd350921,Pizza Sandwich (mozzarella Cheese),Veg
fd858646,Puri & Aloo Ki Sabji (5 Puris),Veg
fd313900,"Sliced Local Lamb With Onion, Chili Flakes And Cumin (350Gms)",Non-veg
fd706309,Nutella Browine Premium Thick Shake,Veg
fd657596,Normal Paneer Chatpata Hotdog,Veg
fd450037,Classic veg burger,Veg
fd676589,Allu Tikka Burger,Veg
fd765419,Potato In Hot Chilli Sauce,Veg
fd923859,Tender Coconut With Watermelon,Veg
fd25712,67% less sugar Chocolate Overload milk Mini Pancakes (8 pieces),Veg
fd963398,Chicken Bacon And Prawn Skewers,Non-veg
fd305290,Mushroom Chilli Gravy (400gm),Veg
fd42435,Choice Of Your Hakka Noodles Mix,Veg
fd377818,Boil Anda Kheema,Non-veg
fd241409,Pahadi Grill Sandwich,Veg
fd1014088,Chicken Fry Biryani [1 Egg],Non-veg
fd138341,Chocochip Cookies Jar,Veg
fd899858,VEGETARIAN,Veg
fd380000,Hara Masala Naan (115 gms),Veg
fd786170,Medium Single Cheese Pineapple Pizza,Veg
fd592406,Add on Chicken,Non-veg
fd535114,Crispy Potato Honey Chilli,Veg
fd956387,Chicken Pesto Pizza Marzano,Non-veg
fd815883,Hydarabadi Kabab,Non-veg
fd80601,Pizza Day [Medium 10 inch],Veg
fd117725,Paneer Chilli Dry And Chilli Garlic Noodles,Veg
fd421062,Chicken Tikka Masala + 6 Roti (Serves 2),Non-veg
fd400622,Paneer Tikka Masala    1,Veg
fd197456,Gajanand Special Dry Fruit Chaat,Veg
fd65718,Chimman Poori Special Deluxe Thali,Veg
fd307269,Dum Ka Paneer Biryani (full),Veg
fd51291,CHICKEN TAWA MASALA 6pc,Non-veg
fd136615,Potato And Cheese Borek,Veg
fd714849,Chicken Makhani Cheese Momo Burger,Non-veg
fd578453,Chicken Golden Fried,Non-veg
fd138312,Almond Rock Jar,Veg
fd178797,Butter Bhakhri,Veg
fd467385,Strange Sandwich [Chicken and Cheese],Non-veg
fd757438,Paneer Veg Sandwich (Jain),Veg
fd214950,Boondi Raita (175 Gms),Veg
fd231187,Chana Dal Masala with Cheese,Veg
fd428936,Bhomji Special Mawa Kachori,Veg
fd156289,Creamy Indian Pasta,Veg
fd557551,Hyderabad Chicken Gravy,Non-veg
fd222516,Tandoori Butter Paratha 70g,Veg
fd335934,Bread Butter (3.slices),Veg
fd634858,Burrito Ultimo In Enchilada Style,Veg
fd748600,Special Lemon Chicken Roll,Non-veg
fd142463,Saffron Dryfruit Dryfruit Shakes,Veg
fd86352,Doda Burfi,Veg
fd334887,Kaju Balti Masala,Veg
fd177336,Schezwan Vadapav (Regular),Veg
fd530254,Fish Chilly [6 Pieces],Non-veg
fd234704,J Lasagne,Veg
fd487785,Schezwan Roll,Non-veg
fd684786,Chocolate Laddoo,Veg
fd898579,Muzzafar,Veg
fd597786,Veggie California,Veg
fd840305,Rice With Palak Paneer,Veg
fd507719,Schezwan Fride Rice,Veg
fd730300,Egg Curry    5 Eggs,Non-veg
fd846197,Classic Hamburger,Non-veg
fd18192,Crispy Fried Shanghai Chicken Wings,Non-veg
fd609552,Veg Mediterranean Bowl,Veg
fd324069,Vegetable Mountain Chilli Gravy,Veg
fd25911,Chicken Shabnami Kebab,Non-veg
fd782344,Crispy Chicken Pakora ( Large ),Non-veg
fd246905,Salted Peanut Butter Vegan Ice Cream -450ml,Veg
fd564601,Kesar Pista Family Pack,Veg
fd331076,Makhania Dahi,Veg
fd1014750,Bachelor Bucket  Biryani,Non-veg
fd25020,Mutton Lucknowi Biryani [1/2 Kg] Serves 1-2,Non-veg
fd223014,Matka Masala Khichadi,Veg
fd94993,Red Juicy pasta,Veg
fd901376,Italian Mafiya,Veg
fd447480,Veg Cheesy Maggi,Veg
fd473862,Chicken Seekh Kabab Twister,Non-veg
fd408635,Mini Chinese Noodles Combo,Veg
fd47555,Fish Amritswari 4piec,Non-veg
fd707216,Aaloo Gobi Masala Fry,Veg
fd605483,Schezwan Fried Paneer Momo,Veg
fd134700,Mayonnaise Grill,Veg
fd928992,Milk Cake [200 Grms],Veg
fd151283,Grill'd Chicken Nachos,Non-veg
fd524639,Mutoor Paneer,Veg
fd759158,Tikha Chicken,Non-veg
fd499188,ITALIAN CHOCOLATE CAKE @500GM,Non-veg
fd424667,Mushroom Soup Chicken Beef Pork,Non-veg
fd783998,Small Thin Margrita Single Cheese Pizza,Veg
fd72391,Lemon  & Chilly Briskies [E/L],Veg
fd453527,Oreo Crunchy Shake,Veg
fd849837,Just Non Veg Pizza,Non-veg
fd558812,Naaval Pazha Kottai (Java Plum Seed),Veg
fd397487,Veggie Burger [Cheese],Veg
fd287579,Mushroom Tikka Gravy,Veg
fd160905,Regular Extra Pav,Veg
fd847967,Paneer Chilli With Choice Of Rice/noodles,Veg
fd859061,Tofu Mole,Veg
fd423370,Chicken Bamboo Shoot,Non-veg
fd207256,Nurgis Tikhari(Cheese & Butter) [3 Egg],Non-veg
fd877602,Loaded Extravaganza Pasta,Veg
fd713630,Chicken Pocket Sandwich,Non-veg
fd275624,Lucknowni Dum Biriyani ( Nonveg ),Non-veg
fd400061,Chicken Crackling Burger + Chicken Super Patty Burger + Cheese Chilli Garlic Fries,Non-veg
fd885878,veg noodles,Veg
fd46722,Pepper Chicken Gravy,Non-veg
fd838352,Schezwan Chilly Chicken,Non-veg
fd310746,Mexi Red Farfalle Pasta,Veg
fd183194,Jeera Khakhra [400g],Veg
fd758908,Tomato Onion Raita,Veg
fd840073,Jalapeno Corn Veg Sandwich,Veg
fd458150,Veg Triple Layer Sandwich,Veg
fd786233,Regular Single Cheese Mexican Green Wave Pizza,Veg
fd844656,Schezwan Paneer With Choice Of Rice Bowl,Veg
fd787657,Chicken Momo Khana With Bhuteko Bhat / Fried Rice,Non-veg
fd108339,Veg . Toofani,Veg
fd751766,Kfc Chicken Pizza [14 Inches],Non-veg
fd193226,Sadi Half Fry [Oil],Non-veg
fd538176,Mint Vada Pav,Veg
fd1007718,Prawn Talumein Soup,Non-veg
fd1007935,Chicken Lee Fu Noodles,Non-veg
fd78203,Mexican Patty Signature Wraps,Veg
fd420872,Spe Chikan Masala,Non-veg
fd809079,Rava Dosa ( 1 Pc ),Veg
fd48940,Paneer Chili Garlic (8pcs),Veg
fd685969,Cheesy Eyepoppers,Veg
fd757743,Sabudana Khichdi + Aloo Pratha [2pcs],Veg
fd79542,"Paneer Adraki, 2 Roti",Veg
fd373092,Veg Raita [200 Gm],Veg
fd735850,Vegetable Hyderbadi,Veg
fd856850,Macchi Hariyali,Non-veg
fd624766,Kapil Sp Mug Pulav,Veg
fd42971,Egg Fried Rice [Full],Non-veg
fd418329,Gaint Aloo Burger,Veg
fd371719,Vegetable Biryani (400 gms),Veg
fd746229,Peri Peri Chicken Fried Momos 12pc,Non-veg
fd974012,Chicken Wok-tossed Hoisin Momos,Non-veg
fd831887,Veg Hot Garlic Combo,Veg
fd357063,Paneer Bhurji (Spicy Medium),Veg
fd143862,Bali Island Paneer + Sticky Rice,Veg
fd221456,Paneer Aaloo Paratha,Veg
fd706518,Belgian Frappes,Veg
fd93746,Royal Irish Latte Medium,Veg
fd796540,Jackpot Ice Cream,Veg
fd633966,Only Chicken Combo,Non-veg
fd76387,Tiramisu Pastry,Veg
fd275316,Veg Royal Soup,Veg
fd605187,Non Veg Deluxe,Non-veg
fd418473,Green Chutney Cut Dosa,Veg
fd130690,Hibiscus Lemonade,Veg
fd438471,Tipsy Tomato Pizza,Veg
fd1037315,Kerala Veg Stew,Veg
fd278559,Cheese Panner Dosa,Veg
fd234075,Mixed Berries Ice Cream Scoop,Veg
fd159606,J X Special,Veg
fd311370,The Veg Strogan Off,Veg
fd920022,Steak Man Breakfast,Non-veg
fd152120,8' Paneer Veg Pizza,Veg
fd863624,Chicken Kheema Fried Rice,Non-veg
fd742701,Raita (Mix),Veg
fd541397,Crunchy Dimsums,Veg
fd37953,Paneer Onion Butter Sada Dosa,Veg
fd201448,Podi Appam (40gm),Veg
fd824847,Kashaya (Mangalore Special),Veg
fd490723,Veg Lasgne Verde,Veg
fd270,Methi Mathi,Veg
fd994483,Roasted Tempeh Tikka in Malabar Curry with Jeera Rice,Veg
fd568238,Penne Veg Pasta,Veg
fd118620,Black Coffee [Mini Flask 1000 ML],Veg
fd513422,Paneer     Chowmein,Veg
fd901314,Arabian Lassi,Veg
fd150452,Fiery Of Mushroom Sushi,Veg
fd836876,Veg Dumpling In Manchurian Gravy,Veg
fd213173,Fish Tikka Combo,Non-veg
fd943237,Garlic Mixture [1000gm],Veg
fd792677,Sinlge Poori,Veg
fd852537,Pork Shaptra,Non-veg
fd455220,Chicken Kothi Varuthathu (boneless),Non-veg
fd33816,Chilli Garlic Paneer Fried Noodles,Veg
fd173769,Tamtam Khaman,Veg
fd78016,Chaap Masala Special Thali,Veg
fd102758,Adrak Phudina (6 Chai Pack ),Veg
fd546539,Masala Dosa With Cheese,Veg
fd528045,Gulab Jamun (City Special)Red + Black Mixed,Veg
fd715563,Prawns Shorba,Non-veg
fd9374,Shahi Meetha Paan,Veg
fd44186,BbQ Paneer Pizza,Veg
fd261141,Cheese Vada Sandwich,Veg
fd159051,Butter pulao,Veg
fd481737,Hakka Chicken Garlic Noodles,Non-veg
fd390794,Cheese Slice [Regular],Veg
fd7463,Classic Biryani Combo,Non-veg
fd958566,Zingy Veg  Kung Pao + Udon Noodles,Veg
fd325720,Cheese Chutney Jam Sandwich (Regular),Veg
fd400772,Veg Lollipop (350 Gms),Veg
fd108485,Mexican Marinated Pizza,Veg
fd357101,Cheese Butter Masala (Spicy Medium),Veg
fd41771,Cheese Momo With Bro Code Gravy,Veg
fd993246,Paneer Chhola Bhatura,Veg
fd738269,Veg Wai Wai,Veg
fd969389,Rava Idli [4 Pieces],Veg
fd43394,Murgh ( Kadhai/lababdar/dopyaza)),Non-veg
fd578291,Butter Chicken (boneless) + Butter Naan Or Rumali Roti (serves One),Non-veg
fd92772,Dal Fry (Per Plate),Veg
fd220898,Matka Chicken [Serving 2 person],Non-veg
fd527593,Paneer Uthapam,Veg
fd70560,Mix Vegetable Combo,Veg
fd682465,3 Chapathi + Aloo Matar Masala,Veg
fd852936,Fish Filet Wrap,Non-veg
fd663443,Onion dosa,Veg
fd637372,Classic Cheese Fondue with Bread Croutons & Jalapeno Poppers,Veg
fd916155,Burnt Garlic Fried Rice (egg),Non-veg
fd81288,Cheesy Chicken Garlic Bread,Non-veg
fd292396,Schezwan Dosa Oil,Veg
fd219481,Omelet Egg [1] [Oil],Non-veg
fd665596,Egg Burnt Garlic Coriander Noodles,Non-veg
fd845853,Pesto Grilled Veggies & Hummus Sandwich,Veg
fd82928,Hyderabadi Chicken Biryani [boneless],Non-veg
fd313197,Vanilla Affogato [110 Ml],Veg
fd80112,Butter Amul,Veg
fd58229,Lemon Special Chicken Bharta,Non-veg
fd717084,Drumstik Gavran,Veg
fd810558,Brownie Gelato,Veg
fd60036,"Sache Paan 120, 142",Veg
fd775738,Veg Chamanthi,Veg
fd144156,Tom Yam Kai Soup,Veg
fd497857,Veg Fried Rice + Vegetable Ball Manchurian,Veg
fd617989,Chaap Masaledar,Non-veg
fd252942,Seasonal vegetable in hot garlic sauce,Veg
fd489067,Special Chow mein Dosa,Veg
fd656229,Bellam Tea,Veg
fd149452,Mysore Cheese Masala Dosa Butter,Veg
fd260000,Bawarchi Special Veg,Veg
fd1039319,Falafel Balls [4 Pieces],Veg
fd1004863,Aloo Baby Corn Paneer Dosa,Veg
fd825151,FB Lemon,Veg
fd572561,Paneer Lachedaar 1 Plate + 2 Butter Naan,Veg
fd929571,1 Egg Biryani + 3 Piece Kebab,Non-veg
fd645976,R Nandini Special Chicken,Non-veg
fd811531,Fruit Salad Jelly With Ice Cream,Veg
fd797037,Vanila Vacation Thick Shake,Veg
fd567932,Coffee Moffee + Ic,Veg
fd477831,Dal Rajasthani Spl,Veg
fd870470,Kulki Sharbat Salted Lemon Soda,Veg
fd763124,Prawn Pakoda (8 Pcs),Non-veg
fd801378,Champakalai 250 Gms,Veg
fd213936,Farmer Choice Pizza,Veg
fd968714,Snacker Tandoori Chicken Combo,Non-veg
fd271267,Tangy Sunny Samosa  Pav,Veg
fd204883,Adrak Pudina Tea,Veg
fd626699,Paneer Chilli & Manchurian,Veg
fd757121,10'  Cheezy Pizza Frankie,Veg
fd423129,Pork Chowmein,Non-veg
fd29183,Darshan With Ice Cream,Veg
fd677269,Extra Chicken Roll,Non-veg
fd198188,Vegetable Jam Mayonis,Veg
fd829964,Parota [2pc],Veg
fd353770,Veg Hot 'n' Sour Soup [300ml],Veg
fd812923,50-50 Cheese Paratha Tale,Veg
fd99418,Rewari \ Rewadi ( Cheeni \ Sugar),Veg
fd74462,Chocolate Truffle Pastry + Cold Coffee,Veg
fd330146,Plain Cumin Spiced Yoghurt Raita (180 Gms) (Gluten Free),Veg
fd38647,Chicken Hariyali Kebab,Non-veg
fd256684,9' Hot N Spice Pizz Offer,Veg
fd900175,Hot Lemon Mint Tea,Veg
fd760332,Paneer Ka Salan,Veg
fd124621,Nurgis Kheema (2 Egg),Non-veg
fd808026,Ayala Porichath,Non-veg
fd253965,Capital Special Pulao,Veg
fd283668,Legume Lasagna,Veg
fd794559,Arabian Pulpy Grapes,Veg
fd483329,Smoke Chicken Burger,Non-veg
fd167032,Boil,Veg
fd415489,Aloo Handi,Veg
fd148329,Vegetable Kadai[400 Gms],Veg
fd600588,Rajma Kebab,Veg
fd726191,3*6'paneer Pizza + 2chocolava Cake,Veg
fd231069,Kaju anjeer,Veg
fd864884,Neer D,Veg
fd192828,Mocha Thick[ 300ml],Veg
fd915990,Eggless Black Forest Pastry (1 Pc),Veg
fd939302,Puliyogare Combo,Veg
fd150774,Sangam Lassi,Veg
fd870688,Hara Bhara  Kabab,Veg
fd202702,Jain Veg Pulao,Veg
fd598799,Non Veg Red Pasta,Non-veg
fd293834,Sweet Vanila Roll 35 Gm,Veg
fd990703,Classic Dal Combo,Veg
fd221000,Tangdi Kebab [4 Piece],Non-veg
fd866814,Ghee Rice And Egg Roast Combo,Non-veg
fd947498,Mango Butterscotch Pastry,Veg
fd352417,Extra Veg Sabzi,Veg
fd833501,Congratulations Photo cake,Veg
fd471351,Fish Nuggets 6pcs,Non-veg
fd420997,Mocha Almond Fudge (serves 8),Veg
fd92166,Deluxe Burger,Veg
fd117956,Soya Bhurji Wrap,Veg
fd419270,Doubble Anda Chicken Tandoor Roll,Non-veg
fd378276,Kofta E Dilbahar,Veg
fd61151,Oyester Chicken,Non-veg
fd334024,Chinese Combo For 2,Veg
fd519764,Corn Pizza (8 Inch),Veg
fd432891,Sev Tomato + Dal Fry + Butter Roti 8,Veg
fd387105,Palak khichdi,Veg
fd680001,Anda Chicken Noodle Roll,Non-veg
fd3124,Add On Fruit Slices,Veg
fd61000,MixedFriedRice,Veg
fd706228,Choco Scotch Softy,Veg
fd941438,Aatu Kaal Soup,Non-veg
fd351981,Chocolate Marble Eggless Cake,Veg
fd15751,Prawn Salt N Pepper,Non-veg
fd540780,% Chilli Garlic Noodles,Veg
fd814438,Zaikedaar Paneer [ Paneer Dum Biryani - Serves 3-4],Veg
fd662980,Veg Noodles [1 / 2],Veg
fd655145,9'  Medium Baby Corn Pizza [Serves 2],Veg
fd93883,Hot Mocha,Veg
fd93683,Flame Grilled Peri Peri Chicken [4 Pcs],Non-veg
fd103835,Cheese Kofta (400 gms),Veg
fd308818,Dal Panchkuti  (250 G),Veg
fd549373,Cheesling Chips,Veg
fd852536,Slice Pork with Bamboo Shoot,Non-veg
fd513341,Kadhai Chicken (500m1 - Family Pack),Non-veg
fd684077,Passion Ice Tea,Veg
fd156320,12' American Heat Pizza,Veg
fd540797,Nuts Roll,Veg
fd14241,Cold Coffee with Icecream,Veg
fd671205,Mango Curd (100 Gms),Veg
fd840039,Spinach Corn Veg Quesadilla,Veg
fd644221,Pudina Mushroom Dry,Veg
fd366157,Special Pulao (Butter),Veg
fd433000,Veg Chaska Kabab,Veg
fd512138,Gobhi Pakauri(100gm),Veg
fd24855,Chicken Fry Rice + Chicken 65,Non-veg
fd780691,Veggie Delight (Medium),Veg
fd837277,Don't Rush,Veg
fd628526,Jain Butter Sada Plain Dosa,Veg
fd194663,Veg Mayonnais Puff + Chocolate Cheese Sandwich + Pepsi 250Ml,Veg
fd541865,Roast Almond Cookies,Veg
fd730877,Cheese Paneer [Small],Veg
fd813731,The Sin Waffle Sandwich,Veg
fd628467,Bhaji Oil Dosa,Veg
fd524629,Uncle's Egg Masala,Non-veg
fd545536,Wjw Spl. Thali,Veg
fd620998,12' Veg Crunch Pizza,Veg
fd397940,Butter Chicken [Full],Non-veg
fd480369,Mutton Seekh Kebab [3 Pcs],Non-veg
fd683945,Fish Finger With Tartar Sauce,Non-veg
fd573012,Mix Veg Parataha-Curd,Veg
fd147069,Spicy Bhuna Chicken Wrap,Non-veg
fd193203,Boil Keemo [Cheese],Non-veg
fd107945,Chicken Hot Garlic Bowl,Non-veg
fd873417,Fried Fish and Chips,Non-veg
fd362565,Zuk Veg Patty Burger,Veg
fd827434,Kozi Rice,Non-veg
fd580855,Sauteed Corn,Veg
fd180198,Sev Tameta (250 Gms),Veg
fd745136,Ginger 'N' Garlic Fried Rice,Veg
fd309088,Shahkahari Thali,Veg
fd18906,Pista Special Thick Shake,Veg
fd471212,Spiced Vanilla Lemonade,Veg
fd964455,Bottled Soda,Veg
fd862828,Aloo Bonda [4 Pieces],Veg
fd452808,Chicken Blast Pizza,Non-veg
fd486493,Fried Rice with Butter Corn And Garlic,Veg
fd524228,Paneer Tikka (Subway),Veg
fd382236,Bombay Style Falooda,Veg
fd74633,Grilled Makhani Sandwich,Veg
fd854031,Beefy Beans,Non-veg
fd170634,Vegetable Cheese [Plain],Veg
fd315086,Special Dhosa Omelette (3 Eggs ),Non-veg
fd85051,Appetizer Selection Vegetarian - For Two,Veg
fd602802,Butter Sctoch Shake,Veg
fd196907,Paneer Tikka [300 Grams],Veg
fd172817,Chinese Prawns Roll,Non-veg
fd171307,Bundi Ladoo,Veg
fd475911,13' Large Veggy Exotica,Veg
fd221039,Chicken Pahadi Soup,Non-veg
fd122001,Tanduri Vada Pav [Jain Vada],Veg
fd86286,Chocolate Ferrero Rocher,Veg
fd239201,Aloo Paratha [ 2],Veg
fd240315,Aromatic Assam Tea,Veg
fd202915,Achari Jain Mango Vada Pav,Veg
fd665078,Cheese Roll Veg,Veg
fd996415,Egg Dum  Biryani Family Pack,Non-veg
fd422600,1*2 Mastani,Veg
fd752125,Kesar Ladoo Special,Veg
fd669332,Cheesy Brownie Pizza,Non-veg
fd134925,First11 Special Cheesy Paneer Wrap,Veg
fd159139,Hot Mess [9 Inches],Veg
fd413512,Mushroom Matter Khadai,Veg
fd1020218,Masala Aloo Toaster,Veg
fd345052,Kitkat Shake [300 Ml],Veg
fd481068,HALF KG BLACKFOREST CAKE,Non-veg
fd702288,Makhni Chicken Sandwich,Non-veg
fd645978,Chicken Dum Biryani + Mushroom Biryani,Non-veg
fd658560,Paneer           Lahori,Veg
fd757005,Veg Pan Fried Momo (6 Pcs),Veg
fd485916,DOSA BUTTER MASALA,Veg
fd82760,Orange Crush Chicken,Non-veg
fd169022,Aloo Vegetable Mix Sandwich,Veg
fd241287,Veg Double Cheese Crunch Sandwich,Veg
fd50288,Butter Chicken Roast 1pics,Non-veg
fd590692,10' Medium Double Chick Pizza,Non-veg
fd115893,Chocolate Volcano (75 Gm),Veg
fd655184,Capsicum Cheese Sandwich,Veg
fd293059,Pesto Fettuccine Pasta,Veg
fd41882,Chocolate Truffle Cake [1 Pound],Veg
fd153727,Cheese Naan (240 Gms),Veg
fd754486,11' Large Veggie Deluxe Pizza,Veg
fd829291,Szechwan Chicken Gravy,Non-veg
fd973196,Lychee Cooler (Soda Based) (300ML),Veg
fd846739,Filter Coffee(250ml),Veg
fd800570,Mackerel (Bangade)Masala,Non-veg
fd825517,MR AND MRS SPECIAL,Non-veg
fd223002,Veg On The Wok Sabji,Veg
fd112360,Choco Waffle,Veg
fd995339,Balgopal Sabudana Vada,Veg
fd384229,Wine Shake Non Alcoholic,Veg
fd957291,Schezwan Sauce Paneer Momo (7 Pcs),Veg
fd834962,Murgh Reshmi Seekh Biryani,Non-veg
fd286397,Corn Flakes,Veg
fd777098,Chilli gobi,Veg
fd180744,Aloo Flower,Veg
fd615871,Large Chili Chicken,Non-veg
fd373338,Grilled Og Pav,Veg
fd430325,Papad [1 Pc],Veg
fd1044541,Truffle Brownie (Eggless),Veg
fd233307,Papadi Gathiya,Veg
fd95855,Shree Bankey Bihari Special Kachori,Veg
fd136885,Amritsari Soya Tak a tin,Veg
fd220641,Pani Puri Patakha Sorbet,Veg
fd453202,9' Chicken Royal Pizza,Non-veg
fd487274,Lemon Pepper Chicken,Non-veg
fd625574,Orange + Pineapple Juice,Veg
fd397189,Veg  Manchurian Dry With Chineese Bhel ( Thali),Veg
fd710236,Supreme Chicken [S] [TC],Non-veg
fd143145,Gourmet Chicken Burger,Non-veg
fd726590,12' Jalapeno Olives Pizza,Veg
fd19822,Crunchy Chicken Hot Chilly Burger,Non-veg
fd432605,Mother's Day Special Cake [ 1 Pound ],Veg
fd601664,Bhija Kulcha,Veg
fd838044,Parle G & Belgian Chocolate w/ Choco Almond Coating,Veg
fd234730,J Manchurian Dry,Veg
fd452526,Schezwan Beef Dosa,Non-veg
fd609356,Veg Tomato Pasta,Veg
fd547569,Peri Peri Plate Shawarma,Non-veg
fd301989,Vegetable Pepper And Salt,Veg
fd220495,Spinning Tree Special Veg (350-450 ml),Veg
fd547954,Special Mix Patties,Veg
fd922029,Egg Bondas,Non-veg
fd683870,Punjabi Kofta Masala,Veg
fd222438,Chef Recommends Sizzler,Non-veg
fd660490,Cheese Bread Roll ( 5 Pieces),Veg
fd492117,Rose Iced Tea,Veg
fd637986,Kolhapuri Bhaji Pav,Veg
fd34777,Chilly Chicken + Chicken Chowmein,Non-veg
fd319039,Veggie Panini Combo,Veg
fd967140,Chanar Dalna (2 Pcs) Thali,Veg
fd164536,Paneer Bhaji Pav (300 gms),Veg
fd645181,Dry Fruit Sundae Ice cream,Veg
fd542101,Chicken Hot And Sour Soup Soups,Non-veg
fd887824,Sourdough cheese crackers,Veg
fd1044471,Chicken  Sandwich,Non-veg
fd64817,Mexican Chicken Shawarma Roll,Non-veg
fd912523,Butter Chapathi 2 With Curry,Veg
fd125685,Sp Vadaplate [2piece],Veg
fd76341,Chcochip Cookies,Veg
fd841904,Butterscotch Falooda (350 Ml),Veg
fd747969,Masala Chaap [Dbl],Veg
fd227121,Paneer Satey,Veg
fd719580,Egg Chowmin Fried Rice,Non-veg
fd161101,Exotic Chocolate,Veg
fd823611,Pork Burnt Garlic Noodle,Non-veg
fd46315,Fry Piece Chicken Biryani Boneless 4person,Non-veg
fd771020,Renuka Special Dosa,Veg
fd210615,KitKat Almond Pastries,Veg
fd212799,Oreo Mouses Jar,Veg
fd193403,9' Party Lover,Veg
fd483338,Double Pizza Combo,Veg
fd70352,Aloo Puff Aloo Patty,Veg
fd584016,Special Amritsari Kulcha King Size,Veg
fd745912,Keema Sub,Non-veg
fd103548,Veg Super Delight Pizza [large],Veg
fd130024,Herby Garlic,Veg
fd7941,Pineapple [1 Pound],Veg
fd300365,Orange Bowl,Veg
fd379706,Mutton Boneless Biryani,Non-veg
fd1046576,Special Pancharangi Burger,Veg
fd308587,Cold Coffee With Ice Cream  (9 Fd),Veg
fd231089,Berry berry magic,Veg
fd894773,Meal For Two Chicken Burger,Non-veg
fd105143,Waffy Stick Chocolate Cake,Veg
fd308844,Chicken & Stir Fry English Veggies,Non-veg
fd796341,Fries French,Veg
fd141250,Nargis Egg Ghotala (3 Eggs) [400 Gm],Non-veg
fd172988,Veg Cheese Croquette,Veg
fd825751,Wow Desi Sandwich,Veg
fd103805,Paneer Cheese Masala  (400 gms),Veg
fd574764,Cheese Pizza [9 Inch],Veg
fd640058,Bataka Vada 1 Kg,Veg
fd684155,Tandoori Mayo Corn,Veg
fd861239,Fries with Gravy Chicken and Cheese,Non-veg
fd190552,Cheese Onion Paratha ( 2 Pc ) + Raita,Veg
fd819374,Mushroom Chilli [s],Veg
fd75293,Jasmine Herbal Tea,Veg
fd924717,Biryani Rice With Paneer 65,Veg
fd719514,Singapure Noodles,Veg
fd736226,Double Deck With Cheese,Veg
fd848579,Kuthu -Parotta Pothu,Non-veg
fd813114,Irachi Dry Fry,Non-veg
fd220112,Chips 'n' Chips [150 Gm],Veg
fd306610,Aloo Dum (300 gms),Veg
fd118354,Pita Bread,Veg
fd182703,Bombay Paneer Cheese Chilli Toast Sandwich,Veg
fd275607,Prawns Curry (400/450 Gm),Non-veg
fd634210,Murg Banjara Kebab (6 Pieces),Non-veg
fd573509,Veg hariyali Green 400 gm,Veg
fd258604,Baby Corn Strongan Off,Veg
fd515077,Cheese Capsicum Onion Pizza Medium [9 inches],Veg
fd644059,Schezwan Chicken Bone Fried Biryani,Non-veg
fd64420,Mewabati,Veg
fd267245,Veg Chowmein (400 Gms),Veg
fd192574,Cheese Chilly Mayo Special Grilled Sandwich,Veg
fd373966,Triple Rice With Soup,Non-veg
fd887577,Black Magic (200 Ml),Veg
fd604868,Non Veg Fried Momos,Non-veg
fd904252,Chefs Special Singapore Chicken Noodles,Non-veg
fd159448,6' Small OB Chicken Exotica,Non-veg
fd144612,Tandoori Cheese Afghani Momos [8 Pieces],Veg
fd327731,Veg Cheese Sandwich + Cappuccino 350 ml,Veg
fd432426,White kesar roll,Veg
fd185450,Blue Berry Thickshake,Veg
fd632552,Paneer Takatak Dry,Veg
fd344195,Salsa Spring [200 Grams],Veg
fd614429,Chicken Wheels,Non-veg
fd842856,Creamy Vanilla Milkshake,Veg
fd124,Cold Coffee,Veg
fd447032,Almond Honey,Veg
fd516958,Tutti Frutti Icecream,Veg
fd975839,Chicken Biryani Family Pack Boneless,Non-veg
fd65083,Dosa Sada,Veg
fd182396,Kaju Butter Masala (250 Gms),Veg
fd316922,Chole Masala & Butter Roti Combo,Veg
fd222441,Code Red Chicken Sizzler,Non-veg
fd139270,Red Velvet Milk Shake,Veg
fd57990,4 Roti Half Pork Curry [Half],Non-veg
fd900260,Watermelon & Cucumber Cooler,Veg
fd110176,Grand Meal (soup to dessert),Veg
fd566136,Cheesy Olive Pizza,Veg
fd976329,Egg Dindigul Biryani,Non-veg
fd916469,Chola Rice with 1 Butter Milk and 1 Gulab Jamun,Veg
fd590922,Slimmer Veg Sandwich,Veg
fd539000,Fried Mushroom,Veg
fd192516,Trafic Jam,Veg
fd897812,Tofu Paneer Salad (298 Kcal),Veg
fd733046,China Town Soggy Rice,Veg
fd885537,Black Currant (Double Scoop),Veg
fd422150,Mutton Tawa 6 Pcs,Non-veg
fd991914,Tawa Prawns Fry,Non-veg
fd11386,Mushroom Masala (Gravy),Veg
fd210000,Water Bottle 1 LTR,Veg
fd681815,Hot Chicken Wings (4 Pcs),Non-veg
fd245831,Capsicum Uttapam (Butter),Veg
fd593392,Amul Mkhn 100 Gm,Veg
fd448229,Peri Peri Double Cheese Burger,Veg
fd520439,Veg Sandwich ( 2 Pcs ),Veg
fd6749,Corn Cheese Triangle,Veg
fd675922,VEG. KOLHAPURI (SPICY),Veg
fd447829,Dal Tamatar + Varadi Paneer + Tandoori Roti 8 + Masala Papad,Veg
fd727249,Cheesey Mysore Dosa,Veg
fd281530,Extra Pav (oil),Veg
fd990997,Rajasthani Lal Mutton,Non-veg
fd564327,Cheese Spinach Balls,Veg
fd710129,Chicken Karaka [L] [RC],Non-veg
fd415240,ChilliChicken,Non-veg
fd171867,Malai Chaap Kathi Roll,Veg
fd69337,Paneer Lababdar With Lachha Parantha Combo,Veg
fd67783,Malai Chaap ( 4 Pcs ),Veg
fd347437,Hot An Sour Soup,Veg
fd752681,Tandoori Special Mix Parantha,Veg
fd698862,Veg Mataki Fry,Veg
fd992484,Mint Pudina Chai (Serves 4-5),Veg
fd745078,Cracking Spinach with Crispy Potato,Veg
fd569947,Sharjah Shake [Icecream],Veg
fd970723,Butter Chicken [4pieces],Non-veg
fd365803,Fish Fry ( Basa Fish Boneless) (450-500 Gm Apx),Non-veg
fd59156,Grill Crispy Dum Aloo Tikki Burger,Veg
fd337892,Turkish Bread with Hummus,Veg
fd116962,Almond Tart,Veg
fd263701,Chef's Dum Biryani With Raita (500 Gms),Veg
fd929956,Paneer & Gobi Parathas Combo - Diabetic Friendly,Veg
fd51775,Paneer Chilli (gravy),Veg
fd339007,Mysore Dhosa Oil Jain,Veg
fd291547,Masala Pav [gravy],Veg
fd1037892,Karjur Burfi,Veg
fd984729,Super Twin Burger + Chicken Fries (R) + Iced Lemon Tea,Non-veg
fd122416,Aloo Paneer Cheese Da Paratha,Veg
fd1025232,Gobi 65 Chilli,Veg
fd325836,Paneer Griler Puff,Veg
fd849535,Chicken Kabiraji (1 Pc),Non-veg
fd258497,Jain Dilkhush Vadapav,Veg
fd208283,Hariyali Naan [1 Pc],Veg
fd693052,Chefs Special Pizza (7),Veg
fd948789,Aglio Oglio,Veg
fd301204,Paneer Cheese Frankie (Wraps),Veg
fd324021,Hot 'N' Spicy Cottage Cheese Dry,Veg
fd706384,ROSE SHAKES,Veg
fd134627,Lemon & mint cooler,Veg
fd104208,Fudgy Dark Chocolate (1 Pc.),Non-veg
fd61925,Sweet Chutney,Veg
fd698263,Fish Green Thai Curry,Non-veg
fd230123,Veg Honey Chily Potato + Schezwan Noodle,Veg
fd834455,Chilli Pepper Prawns,Non-veg
fd96478,Patato Shorts [10 Pics],Veg
fd709963,Laziz Desi [L] [RC],Veg
fd741974,Indian Style Cheese Chilly,Veg
fd378773,Rava Schezwan Masala Dosa (Oil),Veg
fd784199,Hot Milk [1 Glass],Veg
fd786168,Medium Double Cheese Veggie Supreme Pizza,Veg
fd700100,Paneer Khava Masala,Veg
fd785251,Spicy Paneer Pizza [ Single Cheese],Veg
fd816025,Claypot Hyderabadi Mini Family Combo - Mix Veg,Veg
fd128381,Baozi Veg Momos,Veg
fd893209,Smokey Bandit,Non-veg
fd692549,Cheese And Corn Pizza(7),Veg
fd227329,Parataha 1 Nos,Veg
fd486609,Fried Idly with Chatni,Veg
fd166260,Veg Kolapuri [375 Gm],Veg
fd114004,Jain Mix Veg. Maggi,Veg
fd108580,Farmers Pizza,Veg
fd100042,Hot Cinnamon,Veg
fd816120,Chicken Dynamite Burger Combo,Non-veg
fd978887,Paneer Methi Paratha | Double Paratha Box[2 Parathas],Veg
fd171673,Paneer Sam Savera,Veg
fd924554,Cap Carrot Apple Pineapple,Veg
fd1001987,Mutton Curry Dosai,Non-veg
fd847614,Choco BAE,Veg
fd880593,Spicy Pulled Chicken Burrito Bowl,Non-veg
fd877189,Bailey's Chocolate Mousse,Veg
fd127211,Navtad samosa,Veg
fd835388,"Assorted fillings, Milk Chocolate (Pack Of 12)",Veg
fd186890,BBQ Masala Sandwich,Veg
fd370331,Chicken Crispy [200 Gms],Non-veg
fd976178,Tea 250 Ml Flask,Veg
fd665177,Tanduri Pizza Chicken 8inches,Non-veg
fd278840,Paneer Butter Masala [250grams],Veg
fd300055,Penne De Arabbiata,Veg
fd505056,Chicken Boneless Strip,Non-veg
fd765733,Tawa Roti With Paneer Masala,Veg
fd244096,Lasun Chutni,Veg
fd1022051,Bindu Jeera (300ml),Veg
fd429159,Daiquiri ( Cranberry | Strawberry ),Veg
fd106688,Raspberry Dark Chocolate Cake 500 ML,Veg
fd517678,Makhani Paneer Baked Roll,Veg
fd358641,Manchurian Fusion Franco (Cheese) (300 gms),Veg
fd508048,Butterscotch Cake [500gm],Veg
fd478477,Marvel Mango Large Scoop (Cup),Veg
fd288767,Mayo Chinese Puff (Butter),Veg
fd241749,Dates Almond,Veg
fd528619,American Corn Masala Maggi,Veg
fd8818,Chiken Mastana,Non-veg
fd676297,Jain Cheese Paneer Butter Masala Dosa,Veg
fd241186,Samosa (2 pcs),Veg
fd164842,Veg Delight Tikka Pav,Veg
fd224455,Cheese Chilly Burger,Veg
fd1014213,Mushakkal Grill (mixed BBQ Grill),Non-veg
fd67635,Appy Fizz Can(250 Ml),Veg
fd829503,2 Veg & 2 Non-Veg Burgers,Non-veg
fd1032760,Chocolate Shake ( 400 Ml Jar ),Veg
fd556068,Ifthar Veg.Pack-Combo 3 Med. Box,Veg
fd180961,7' Margherita Pizza + Cold Coffee 300 ml,Veg
fd387627,Gular Kebab,Veg
fd135143,Kandhari Subzi,Veg
fd132764,Idli Batter/khira (1 Kg),Veg
fd269909,Puri 2 Pieces,Veg
fd332639,Shakar Pada (250G),Veg
fd8303,Salad,Non-veg
fd960357,Zucchini Tempura Sushi,Veg
fd86265,Thandai Thick Shake,Veg
fd350386,Grilled Boiled Egg Chutney,Non-veg
fd1041695,Peanut Butter Sandwich - Keto,Veg
fd1004450,Kasmiri Pulav ( 650 Ml),Veg
fd1012219,Brwonie Blast,Veg
fd853417,Seafood Hot and Sour Soup,Non-veg
fd393984,25 cm Fully Loaded Pizza,Veg
fd680521,Noodle Cheese Dosa,Veg
fd404458,Mutton Roganjos,Non-veg
fd1016413,Hot Sweetcorn With Butter Salt Pepper250 G,Veg
fd232898,24'   Tandoori Paneer,Veg
fd468940,Shirley's Temple,Veg
fd586996,Piri Piri Salad,Veg
fd400753,Cream Of Spinach Soup (250 Ml),Veg
fd29716,Nutella Waffles With Ice Cream,Veg
fd541438,Vegit Cheese Bomb Burger,Veg
fd244598,Veg Biryani and Raita,Veg
fd933221,Veg Pizza Meal,Veg
fd36648,Mini Rasgulla,Veg
fd636980,Chicken Cheese Pizza Reg.+Chicken Sandwich Grilled+French Fries+Thums Up(750 ml),Non-veg
fd451,Spicy Veg Burger,Veg
fd735055,Chicken Golden Corn Pizza [Medium],Non-veg
fd435557,Pink Sauce Pasta [penne],Veg
fd716596,Cottage Cheese Overflow Burger,Veg
fd138340,Caramel Seasalt Jar,Veg
fd906263,Original Cream  Nabulsi  Kunafa,Veg
fd973168,Chocolate Shake (300ml),Veg
fd222443,Creamy Garlic Chicken Steak Sizzler,Non-veg
fd853051,English Breakfast Vegetarian,Veg
fd278836,Sp Dk Paneer [500grams],Veg
fd768522,Chicekn Lasuni Kebeb,Non-veg
fd711512,Chicken Sauteed,Non-veg
fd261893,Ghee Idli [2 Pcs],Veg
fd189685,Green Tea (Water Base),Veg
fd1004761,Chetty Veg Biryani,Veg
fd927598,Ceylon Parota [2pcs],Veg
fd633046,Italian Albo Macroni Pasta,Veg
fd173009,Chicken Tacos Mexicano,Non-veg
fd966892,Parrota(3)+vegetable Curry,Veg
fd929998,Chicken Sour & Pepper Soup(spicy),Non-veg
fd165706,Gobi Mutter Paneer Jain Paratha,Veg
fd244081,Paneer Subji + 4 Tawa Roti,Veg
fd894469,Aloo Methi Stuffed,Veg
fd417564,Banana Chips Spicy Masala 125 g,Veg
fd944,Samosa With Chole,Veg
fd20961,Vada 5 Pcs,Veg
fd107439,Tangy Mangy Dahi Kebab,Veg
fd432425,Fikka Mava,Veg
fd989470,Galouti Kebab Served With Paratha,Non-veg
fd632946,Maisor Chula Dosa,Veg
fd152940,Regular Masala Dosa,Veg
fd166813,Sweet Corn Uttapam,Veg
fd906519,Chilli-Mushroom,Veg
fd621861,Veg Pasta In White Sauce,Veg
fd974538,Krisper Roll,Non-veg
fd6555,Mutton Rogan Josh (4 Pc),Non-veg
fd700681,Dry Fruit Mixed Mithai,Veg
fd233367,Sugar Free Hot Coffee,Veg
fd725573,Kulcha (Green Chilli/Potato/Paneer/Mixed),Veg
fd5522,Mutton Rara Masala,Non-veg
fd143255,Chinese Bhel [Sweet N Spicy],Veg
fd185058,Paneer Chesse Paratha,Veg
fd29963,Onion Mustard Salad,Veg
fd945688,Stuffed Garlic Bread with Chicken & Sun-dried Tomatoes,Non-veg
fd165178,Coco With Chocolate Chips [350ml],Veg
fd819283,Soya Ginger Chopsuey,Veg
fd3828,Fried Rice Non-Veg,Non-veg
fd858676,Hot & Crispy Chicken Momos [6 Pcs],Non-veg
fd118616,Hot Coffee Vanilla [2 Cups],Veg
fd869297,Chembally Fry,Non-veg
fd1010881,3 Pcs Idli With 1 Vada,Veg
fd592381,Chicken Fajita Quesadillas,Non-veg
fd901512,French Fries Secret Spices with Dip,Veg
fd11854,Schezwan Grilled Prawn,Non-veg
fd826925,Chicken Fried Dumpling (10 Pcs),Non-veg
fd1038754,Caramel Crunch Ice cream (Per Scoop),Veg
fd113152,Onion Paneer,Veg
fd35645,Nimki (250 gms),Veg
fd48081,Navaratna Korma,Veg
fd49490,Chicken Salt & Paper Boneless(Full),Non-veg
fd107913,Red Thai Curry Prawns Garvy,Non-veg
fd23111,SCHEZWAN VEG NOODLES,Veg
fd488351,Chilli Paneer With Hakka Noodles  (serves 1 Person),Veg
fd947363,Thai Curry  Chicken Green (served With Steam Rice),Non-veg
fd468784,Cold Drink Thumsup 250ml,Veg
fd626663,Palak Paneer Pasanda Dosa,Veg
fd342985,Peanut Banana Thick Shake,Veg
fd67166,Caramel Blast Waffle,Veg
fd31100,Dum-aloo Kashmiri,Veg
fd181659,Meal For One,Veg
fd60016,Bangla Paan Special 132,Veg
fd454720,Green Pepper Chicken Al-faham Half + Kuboos,Non-veg
fd746476,American Veggie,Veg
fd345391,Chocolatey Red Velvet Twist,Veg
fd474627,Mirch Pakoda [250gm],Veg
fd899780,Ghee Tawa Phulka,Veg
fd817043,Chocolate Fries [Triple],Veg
fd321707,Boiled Egg Kathi Roll,Non-veg
fd859156,Methi Chicken (Semi Gravy) [8 Pieces],Non-veg
fd974150,Poori - Aloo Sabzi,Veg
fd408019,Kaju Curry (Red Gravy),Veg
fd10307,Sabji Khazana,Veg
fd458923,Steam Momo's,Veg
fd365896,Mushroom Paneer Masala (450-500gm Apx),Veg
fd112123,Special Noodles,Non-veg
fd76527,Cheese Loaded Burger,Non-veg
fd771468,3 Dip Sauces,Veg
fd579401,Bhalle papdi chaat+dahi bhalla (2pcs)+bhelpuri,Veg
fd328141,Egg Fried Rice In A Wok,Non-veg
fd846240,Chicken Hong Kong With Noodles Bowl,Non-veg
fd61313,Single Masala Omlet,Non-veg
fd599579,Mixed Veg  Dosa,Veg
fd167974,Kaju Paneer (500 gms),Veg
fd8222,Murg Takatak Tikka,Non-veg
fd744028,Desi Ghee Cotted Chapati,Veg
fd733220,Veg Bullets (10 Pcs),Veg
fd11818,Smoked Chicken Salad,Non-veg
fd900080,Chi Fried Momos,Non-veg
fd402726,Soybean Manchurian Noodles,Veg
fd508061,Vanilla Choco Chips Cake [700gm],Veg
fd88117,Mutton Mughial,Non-veg
fd867012,Raw Orange [240 Ml],Veg
fd790493,White Kalakand (250g),Veg
fd333523,Popcorn Hazelnut/caramel Shake,Veg
fd846031,Snicker Brownie,Non-veg
fd556591,Chicken 65 [7pcs],Non-veg
fd591812,Fruit Passion,Veg
fd234789,Funky Fusion Sizzler,Veg
fd146693,Nachos With Cheese Dip,Veg
fd204684,Oats Chat,Veg
fd104678,Bluberry Cheesecake Milkshake,Veg
fd360752,Masala Cheese Puff [1 Pcs],Veg
fd500143,Chocolate Crispy Pizza,Veg
fd36053,Colddrinks [250 Ml],Veg
fd728120,Mysore Butter Masala Dosa ( Spicy ),Veg
fd798686,Starwberry Coffee,Veg
fd142085,Al Funghi,Veg
fd366010,Garlic Bread with Cheese & Jalapeno,Veg
fd918534,3 In 1 Veg Combo (s),Veg
fd895100,Carrot Orange Juice,Veg
fd811290,Box Of 4 Truffle & Praline Box,Veg
fd381462,Egg Bhel,Non-veg
fd990131,Waffle - Nutella,Non-veg
fd877563,Katla Kalia(2pcs),Non-veg
fd246220,Loaded Wrap,Veg
fd888852,Egg Devils (2pcs) Fish Stuffing,Non-veg
fd350448,Veg Chilli Garlic Noodles + Singapuri Ricee,Veg
fd748357,Bada Menu Chota Price,Veg
fd859621,Beef Bokchoy,Non-veg
fd449200,Punjabi Kaju Butter Masala,Veg
fd150648,Palak Corn Kachori (1 Pc),Veg
fd813034,Paneer Biryani (Serves 1).,Veg
fd722388,Grilled Chicken (200 Gm),Non-veg
fd1018296,Chicken Malamaal (Spicy),Non-veg
fd1041669,Orange Pistachio Muffins Box Of Two,Veg
fd240013,Mutton Mughlai [1 Plate],Non-veg
fd596117,Lukhnawi Kathi Roll Veg,Veg
fd883128,Vanilla Caramel Brownie Ice Cream (125ml),Veg
fd558864,Beef Seekh Roll (3 Pcs),Non-veg
fd645545,Irani Roti,Veg
fd125748,Cheese Chutney Puri,Veg
fd127143,Palak Corn Bharta (500 Gms),Veg
fd247073,Butter Jumbo Vada Pav,Veg
fd778089,Dal Lasooni Tadka,Veg
fd499278,PENNE RIGATE PASTA,Non-veg
fd901908,"Bune Salli Keema, Chilli Cheese Kulcha",Non-veg
fd920697,Kaju Cut Bajji Mixture,Veg
fd650752,Chocolate Frappe Thick Shake,Veg
fd51734,Chicken Oyester Momo(8pcs),Non-veg
fd217211,8' Special Shivas Pizza,Veg
fd367951,Hazulnut Coffe,Veg
fd913801,Chicken Curry white Rice,Non-veg
fd318965,Wah Supreme Sandwich,Veg
fd729812,Chana Bhatura (Two Pieces),Veg
fd853285,Zing An Egg Burger,Non-veg
fd964739,Mashroom Parota 2,Veg
fd526773,Masala French Fries Peri-Peri),Veg
fd74667,Paneer Achari Roll,Veg
fd85695,Garlic Toast,Veg
fd735671,Margarita Pizza [Med],Veg
fd192760,Cheese Garlic Breads [4pcs],Veg
fd907489,Chicken Machboos,Non-veg
fd422717,Sizzler [Pork],Non-veg
fd681533,Badam Special Falooda,Veg
fd15395,Chocolate Walnut Brownie,Veg
fd444544,Chicken Angara (1 Plate),Non-veg
fd270568,Aloo Bhajiya,Veg
fd889702,Hot Chocolate Flask-500ml (Serves 2-3),Veg
fd843687,Multigrain Millet Pepperoni Pizza,Non-veg
fd1043758,Pappu (Dal) and Rice,Veg
fd211089,Paneer Tufani (450G),Veg
fd881966,Sanas -3ps,Veg
fd154180,Chilly Garlic Noodles [250 Gm],Veg
fd77986,Singapori Noodles,Veg
fd558298,Pepsi [250 ml],Veg
fd718857,Peri Peri Roated Lollipop (8 Pis Lollypop),Non-veg
fd42483,Egg Dal Tadka [Full],Non-veg
fd40029,Kitkat,Veg
fd566100,Angoor,Veg
fd466813,Gourmet [Small],Veg
fd867976,Gateaux Noir Egg,Non-veg
fd557076,Chole Amritsar Dry,Veg
fd606065,Lemon Chicken And 1 Butter Naan,Non-veg
fd546958,Retina Factor (Carrot + 3Citrus Fruit),Veg
fd660284,Chicken Honest Special Rice,Non-veg
fd41087,Chicken Achaari Momos [8 Pieces],Non-veg
fd64387,Dahi Saunth Golgappe,Veg
fd867206,Chicken  Spring Roll,Non-veg
fd28015,Veg Meloni,Veg
fd941832,Kimchi Baby Potatoes,Veg
fd304737,Jain Vadapav Oil,Veg
fd317038,Boondi Raita [200 Ml],Veg
fd840232,Mix Berry Lassi,Veg
fd82992,Dehlnavi Diwani Handi,Veg
fd90291,Sweel Corn Soup,Veg
fd820629,Chicken Popcorn(10pc),Non-veg
fd809639,Chicken Nuggets Pizza,Non-veg
fd364868,Red Valvett,Veg
fd136747,Paneer Kadai (400 -500 Grm),Veg
fd589526,Chicken Tangdi Fry ( 4 Pieces),Non-veg
fd1001879,Mutton Lala Masas,Non-veg
fd851439,Atmosphere Kombucha Mango Berry,Veg
fd378453,Ghooghara Sandwich,Veg
fd898898,Pan Fried Cottage Cheese,Veg
fd393920,17 cm RPS Cheesy Hot Pie Cake Pizza,Veg
fd845121,Ginger Cha Miniflask + Poha + Upma,Veg
fd599760,Irani Kebab,Veg
fd285482,Irish Coffee ( 300 Ml ),Veg
fd250432,Bengali Style Prawn Masala Curry,Non-veg
fd29477,Pinni Laddu Pcs,Veg
fd867344,Chilly Garlic Fried Noodles [seafood],Non-veg
fd95961,Ly Chee Current,Veg
fd1000820,Wan Chai Midnight Chicken,Non-veg
fd674,Chicken Monster Pizza [Large],Non-veg
fd590648,12' Large Keema Mexicana Pizza,Non-veg
fd962900,Thai Basil Fried Rice,Non-veg
fd164906,Thums Up [200ml],Veg
fd939995,Onion Garlic Masala,Veg
fd667067,Chicken Butter Masala (amul) (02 Pcs),Non-veg
fd856710,Paneer Palak Paratha [2pc],Veg
fd906928,Summer Special Drink,Veg
fd323608,Veg Kadai (400 Gms),Veg
fd223597,Fresh Lime Soda - Sweet,Veg
fd420177,Butter Cookies 200 G,Veg
fd476631,Truffle Heart Shape Cake 1 Kg,Veg
fd669191,Valiyal,Non-veg
fd106741,American Nuts Large Scoop (300 ML),Veg
fd519790,Chandni Chowk Ke Chole Bhature,Veg
fd338361,Indian Buddha Bowl With Beverage,Veg
fd263025,Russian Green Soup,Veg
fd716741,Chilli Paneer Hong Kong Style,Veg
fd732709,Loaded Paneer Burger,Veg
fd851838,Choco - Blueberry Cupcake,Veg
fd989131,Stuff Tangdi Kabab,Non-veg
fd1009257,Large Spicy Delight Pizza,Veg
fd367569,Special Dal- Bati,Veg
fd14861,Crispy Fried Babycorn In Bbq Sauce,Veg
fd558869,Beef Kadi Kabab (4 Pcs),Non-veg
fd215178,Veg. Bruschetta (4 Pcs),Veg
fd920769,Veg roll combo,Veg
fd574145,Chicken Malai Leg,Non-veg
