User_id,Name,Age,Gender,Marital Status,Occupation
75722,Daisy Sheppard,22,Male,Single,Student
80185,Ricky Terry,23,Male,Single,Student
19865,Victoria Ward,26,Male,Single,Student
76700,Marie Brown,23,Female,Prefer not to say,Employee
92992,Christopher Taylor,28,Female,Married,Employee
76435,Michael Bailey,23,Male,Single,Student
84005,Justin Burke,19,Male,Single,Student
80918,Joshua Novak,23,Male,Single,Student
60768,Karen Blackburn,23,Female,Single,Student
50075,Jacqueline Smith,22,Female,Single,Student
27702,Benjamin Obrien,21,Male,Single,Student
42142,Bradley Rodgers,24,Male,Single,Student
45081,Sean Phillips,25,Female,Single,Student
16639,Gina Stephens,22,Male,Married,Self Employeed
20425,Rodney Mendoza,31,Male,Prefer not to say,Employee
88703,Pamela Brown,27,Male,Married,Employee
150,Steven Ortiz,22,Male,Single,Student
1762,Deborah Le,29,Female,Married,Employee
63121,Donald Salazar,25,Male,Married,Self Employeed
69162,Kimberly Jones,23,Female,Single,Student
64884,Alicia Wiley,25,Male,Single,Student
2496,Mackenzie Black,24,Female,Single,Student
80297,Brittany Moore,23,Female,Single,Student
19448,James Miller,23,Male,Single,Student
41332,Victoria Wolfe,26,Male,Married,Employee
14889,Debra Bennett,24,Male,Single,Student
88637,Kenneth Wallace,27,Male,Prefer not to say,Employee
94893,Martha Stevenson,21,Female,Single,Student
92732,Joanne Mckee,23,Male,Single,Student
29131,Jared Oliver,22,Female,Single,Employee
79023,Adrian Owen,23,Male,Single,Student
84937,Jessica Booker,29,Female,Married,Employee
16822,Nicholas Diaz,33,Male,Married,Employee
36734,Jeff Miller DDS,24,Female,Married,Employee
15603,Benjamin Ryan,23,Male,Single,Student
28534,Johnathan Bennett,29,Female,Married,Employee
69770,Eugene Nelson,29,Male,Single,Self Employeed
11406,Jacqueline Lopez,21,Male,Single,Student
96853,Carolyn Turner,32,Male,Married,Employee
16131,Brandi Schmidt,26,Male,Married,Employee
19793,Dr. Christina Smith,22,Male,Single,Student
89578,Holly Jones,27,Male,Married,Self Employeed
40164,Anthony Holland,23,Female,Single,Student
31777,Jessica Campbell,20,Male,Single,Student
25331,Matthew Moore,21,Male,Single,Student
79157,William Huerta,22,Male,Single,Student
51686,Stacy Martin,23,Female,Single,Student
75499,Jerry Hinton,21,Female,Single,Student
4728,Brittany Robinson,24,Female,Single,Student
85199,Andre Fitzgerald,21,Female,Single,Student
35796,Julie Le,32,Female,Married,House wife
12257,Amber Salazar,26,Female,Married,Self Employeed
35719,Justin Robinson,22,Female,Single,Student
70552,Rebecca Scott,22,Male,Single,Student
54375,Andrew Russell,22,Male,Single,Student
39692,Mrs. Gabrielle Rodriguez,25,Female,Married,Employee
93703,Brent Hampton,24,Female,Married,Self Employeed
73692,Lauren Santiago,29,Male,Single,Self Employeed
98071,Bridget Heath,25,Female,Prefer not to say,Employee
576,Daniel Bryant,25,Male,Single,Employee
84611,Kristina Ramos DDS,22,Female,Single,Student
61770,Dan Rivera,21,Male,Single,Student
32261,Brandon Reeves,22,Female,Single,Student
82200,Steven Gonzalez,25,Female,Single,Student
36291,Julia Gibson,29,Male,Married,Employee
78450,Gina Wood,23,Male,Single,Student
60056,Anthony Davidson,27,Female,Married,Employee
45949,Matthew Moore,26,Female,Married,Employee
28178,Jessica Peck,22,Female,Single,Student
84464,Austin Fields,25,Female,Single,Employee
579,Tammy Jones,24,Male,Single,Student
30960,Michael Ruiz,23,Female,Single,Student
64291,Kimberly Clark,23,Male,Single,Employee
14532,Andre Smith,23,Female,Single,Employee
17934,Christopher Alexander,24,Female,Single,Student
33609,John Lee,32,Male,Married,Employee
49960,Louis Stark,24,Female,Married,Student
66599,Kevin Prince,29,Female,Married,Employee
99090,Tyler Patel,22,Male,Single,Student
34452,Brenda Combs,23,Female,Single,Student
34081,Spencer Jones,24,Male,Single,Student
63588,Mr. Nicholas Castillo,28,Male,Married,Employee
4294,Rhonda Terry,25,Male,Single,Student
69103,Zachary White,23,Female,Single,Student
86412,Kellie Miller,23,Female,Single,Student
99477,Edward Hudson,32,Male,Married,Employee
53930,Janet Long,22,Female,Single,Student
87071,Greg Smith,27,Male,Married,Employee
65084,Nancy Carey,28,Female,Married,Employee
30713,Keith Arnold,23,Male,Single,Student
49183,Amber Oneill,25,Female,Prefer not to say,Employee
57235,Mr. Don Mclaughlin,23,Female,Married,House wife
15664,Briana Elliott,30,Female,Married,House wife
19967,Jon Cardenas,26,Male,Single,Employee
91913,Amanda Wade PhD,26,Male,Single,Employee
91958,Kristopher Wade,24,Female,Single,Student
81347,Jo Ray,30,Female,Married,House wife
55326,Ruben Fernandez,32,Male,Married,Employee
29858,Rebecca Howard,30,Male,Married,Employee
71223,Kathy Johnson,31,Female,Married,House wife
52459,David Phillips,22,Female,Single,Student
88346,Michael Wright,26,Female,Single,Employee
82364,Krystal Gill,25,Male,Single,Student
65350,John Perez Jr.,27,Male,Single,Employee
59650,James Bowen,26,Female,Single,Student
44953,John Kane,20,Male,Single,Student
39526,Derrick Pruitt,27,Male,Married,Self Employeed
13936,Jimmy Glenn,21,Male,Single,Student
93781,Lynn Mcgrath,25,Male,Married,Self Employeed
89885,Christopher Martinez,23,Male,Single,Student
81144,Timothy Williams,23,Female,Single,Student
95800,Scott Valenzuela,25,Male,Single,Self Employeed
89405,Jennifer Morales,26,Female,Married,Employee
55224,Mercedes Figueroa,25,Male,Single,Student
73646,Steven Cox,21,Female,Single,Student
66294,Joseph Chandler,29,Male,Married,Employee
65540,Hector Wagner,21,Male,Single,Student
28111,Sean Berg,24,Male,Single,Employee
41929,Sonya Townsend,21,Male,Single,Student
86547,Connie Hancock,22,Female,Single,Student
82586,Kelsey Armstrong,22,Female,Single,Employee
38604,Paul Rivera,24,Male,Single,Employee
91658,Sarah Crane,28,Male,Married,Self Employeed
62787,Jeffrey Rivera,21,Male,Single,Student
84341,Joseph Walker,24,Male,Single,Student
39875,Paul Frye,28,Male,Single,Employee
78469,Julie Walters,22,Male,Single,Student
31632,Katie Mckenzie,26,Male,Married,Employee
14953,Amanda Morris,25,Male,Single,Self Employeed
39332,Curtis Scott,30,Female,Married,House wife
48588,Andrea Adams MD,25,Male,Single,Student
83595,Mark Mcintyre,24,Male,Single,Employee
41488,Amanda Diaz,29,Male,Single,Self Employeed
39628,Derrick Perez,23,Female,Single,Student
87895,Ruth Harris,29,Male,Married,Employee
26304,Richard Barber,23,Female,Single,Student
67404,Scott Miller,23,Female,Prefer not to say,Employee
98085,Samantha Payne,22,Female,Single,Student
95602,Maria Nolan,21,Male,Single,Student
5020,Gerald Diaz,31,Male,Married,Employee
5224,Nicholas Daniels,25,Female,Married,Self Employeed
15781,Elizabeth Clark DDS,30,Male,Married,Self Employeed
45557,Kara Jimenez,21,Male,Single,Student
12897,Christine Forbes,22,Male,Single,Student
34305,Gary Parker,21,Male,Single,Student
93323,Adam Barrera,22,Female,Single,Employee
5325,Jasmine Hubbard,19,Male,Single,Student
52926,William Bradford,32,Female,Married,House wife
62865,Stacey Abbott,23,Female,Single,Student
8019,Stephen Ryan,23,Male,Single,Student
82945,Adrian Chang,22,Male,Single,Student
90377,Kelly Jordan,21,Male,Single,Student
41721,Andrew Navarro,25,Female,Single,Student
867,Joshua Mckinney,27,Female,Prefer not to say,Employee
98444,Sean Byrd,23,Female,Prefer not to say,Employee
83040,Debbie Russell,24,Female,Single,Student
13925,Katherine Green,26,Male,Single,Employee
79893,Dakota Crane,29,Female,Married,Employee
31184,Sarah James,30,Female,Married,House wife
13800,Mary Carlson,27,Female,Married,Self Employeed
40989,Catherine Guzman,31,Male,Prefer not to say,Employee
66734,Robert Clark,22,Female,Single,Student
78331,Jeffrey Carroll,22,Male,Married,Self Employeed
24379,Amanda Vazquez DVM,29,Male,Single,Employee
23415,Craig Russell,19,Female,Single,Student
97560,John Miller,26,Female,Married,Student
22993,Doris Frye,24,Female,Single,Student
3232,Richard Rubio,25,Male,Single,Student
41996,Samantha Liu,26,Male,Single,Self Employeed
49188,Rachel Marks,25,Female,Single,Employee
22515,Susan Reese,22,Female,Single,Student
21326,Jaime Mccarthy,30,Male,Married,Self Employeed
86234,Andrea Potter,23,Female,Single,Student
88127,David Carey,23,Female,Single,Student
29824,David Stewart,25,Male,Single,Self Employeed
92485,Sharon Aguilar,23,Male,Single,Student
68425,Rebecca Jones,25,Male,Single,Self Employeed
64484,Cory Barker,24,Female,Single,Student
51020,Michelle Richards,24,Male,Single,Employee
26754,Laura Wheeler,30,Male,Married,Employee
49964,William Carter,25,Female,Single,Employee
42732,Danielle Salinas,23,Female,Single,Student
29057,Lauren Cox,26,Male,Single,Employee
55318,Tyler Roberts,23,Female,Single,Student
35497,Heather Carlson,26,Female,Married,Employee
56338,Jody Rollins,21,Male,Single,Student
79278,Terry Morales,27,Female,Married,Self Employeed
5465,Maria Scott,25,Male,Married,Employee
70156,Timothy Hughes MD,26,Female,Married,Self Employeed
70670,James Brown,25,Male,Single,Student
56014,Olivia Holland,22,Female,Single,Student
12086,Ralph Morrison Jr.,24,Female,Single,Student
56819,Ashley Brown,22,Male,Single,Student
20001,Victoria Morales,21,Male,Single,Student
69067,Craig Hartman,22,Male,Single,Student
50453,Mr. Dale Hall,23,Male,Single,Student
90710,Michael Johnson,24,Female,Single,Student
52885,Lisa Delgado,31,Female,Married,House wife
30964,Justin Rodriguez,25,Female,Married,Student
34574,Amy Campbell,23,Male,Single,Student
15295,Erin Adams,25,Male,Single,Employee
27919,Lisa Simpson,22,Female,Single,Student
46121,Michael Melton,29,Female,Married,Employee
35074,Richard Mcintosh,21,Male,Single,Student
10551,Wendy Martin,26,Male,Single,Student
91128,Peter Nunez,25,Male,Single,Self Employeed
691,Daniel Thomas,22,Male,Single,Student
77730,David Johnson,23,Female,Single,Student
36097,Catherine Greene,23,Male,Single,Student
65352,Sandra Jackson,24,Female,Single,Student
11041,Hannah Jacobson,22,Male,Single,Student
4222,Dawn Lopez,24,Female,Single,Employee
822,Megan Jones,27,Female,Married,Self Employeed
38129,George Davis,26,Male,Single,Employee
89152,Krista Richards,25,Female,Single,Employee
29232,Marcus Green,32,Female,Married,Employee
50557,Melanie Ross,31,Female,Married,House wife
33685,Deborah Williams,32,Male,Married,Employee
58754,Samantha Turner,27,Male,Single,Employee
27023,Nancy Davis,29,Female,Married,Employee
36906,Robert Murray,27,Female,Married,Self Employeed
271,Mr. Robert Cole DDS,23,Male,Single,Employee
8867,John Norton,26,Male,Married,Employee
15007,Craig Anderson,21,Male,Single,Student
4689,Pamela Bradford,25,Male,Married,Employee
81996,Steven Cox,25,Male,Single,Student
84373,Taylor Smith,22,Male,Single,Student
2515,Gregory Sandoval,22,Male,Single,Student
36400,Christopher Parker,26,Female,Married,Self Employeed
38869,Dominique Walker,23,Female,Single,Student
58245,Jason Leach,22,Male,Single,Student
30410,Jason Brown,25,Male,Single,Employee
54795,Robert Liu,24,Male,Single,Student
19264,Benjamin Larson,21,Male,Single,Student
83910,Alicia Benton,23,Male,Single,Student
26974,Noah Barnes,24,Male,Single,Student
7130,Alexis Rice,25,Male,Single,Employee
7145,Evan Washington,21,Male,Single,Student
45466,Sheila Brown,24,Female,Married,Employee
1967,Aaron Murray,22,Female,Single,Student
15153,Amanda Johnson,24,Male,Single,Student
19114,Lisa Howard,23,Male,Single,Student
76207,Tammy Charles,27,Male,Married,Employee
32142,Todd Taylor,27,Male,Married,Employee
21935,Courtney Montoya,29,Male,Married,Employee
40360,Wendy Glenn,24,Female,Single,Student
53842,Robert Payne,22,Male,Single,Employee
9163,Bob Smith,27,Male,Married,Employee
87844,Melissa Lamb,23,Female,Single,Student
37630,Christopher Haley,22,Male,Single,Student
83305,Desiree Huffman,25,Male,Married,Self Employeed
66270,Kenneth Frazier,23,Male,Single,Student
34654,Nathan Lang,26,Male,Single,Self Employeed
41963,Nathan Jenkins,31,Male,Married,Employee
39591,Hannah Dillon,23,Female,Single,Self Employeed
81036,Joshua Fuentes,25,Female,Single,Student
10981,Kimberly Cole,31,Female,Married,House wife
56300,Tami Schneider,23,Female,Single,Student
61549,Emily Smith,30,Male,Married,Self Employeed
88401,Michael Alexander,24,Male,Single,Student
44324,Jennifer Medina,26,Male,Single,Self Employeed
55208,Bryan Woods,25,Male,Single,Student
53528,Miss Katie Wright,28,Male,Married,Employee
26971,Jennifer Cook,23,Female,Married,House wife
73218,Nancy Butler,24,Female,Married,Employee
65891,Kenneth Wilson,21,Male,Single,Student
42222,Rachael Price,29,Male,Single,Self Employeed
97866,John Estrada,28,Male,Married,Self Employeed
12251,Jessica Richardson,26,Male,Married,Employee
69437,Tami Cunningham,23,Female,Single,Student
38433,Julie Miller,24,Male,Single,Student
40890,Gary Hernandez,22,Male,Single,Student
30999,Howard Barber,26,Male,Married,Employee
56146,Joshua Kennedy,24,Female,Married,Employee
95414,Tonya Perez,27,Male,Married,Self Employeed
22156,Eugene Morrow,23,Female,Single,Student
17614,Eduardo Wilson,21,Male,Single,Student
56444,Ann Mclaughlin,22,Male,Single,Student
98400,Christina Henry,29,Male,Single,Employee
24053,John Sloan,23,Female,Single,Student
50243,Jessica Barr,24,Male,Single,Student
58999,Joseph Vasquez,22,Female,Single,Student
31345,Ashley Gutierrez,22,Male,Single,Student
61242,Lauren Ortega,27,Male,Married,Employee
92530,David Patterson,28,Male,Married,Employee
80829,Gary Miller,24,Male,Married,Self Employeed
51726,William Hall,26,Male,Single,Self Employeed
33880,Robert Ramsey,32,Male,Married,Employee
83007,Nicholas Yates,26,Male,Prefer not to say,Self Employeed
73909,Karen Burnett,26,Female,Married,Employee
67247,Jay Olsen,26,Female,Single,Self Employeed
88808,Philip Diaz,28,Male,Married,Employee
13122,Deborah Morrow,29,Male,Single,Self Employeed
8258,Alex Martinez,18,Male,Single,Student
93381,Matthew Ray,30,Male,Married,Self Employeed
13915,Nicholas Brown,23,Female,Single,Student
30903,Gary Burke,29,Female,Married,Employee
72859,Ryan Gilbert,22,Male,Single,Student
20293,Kristen Oneill,31,Female,Married,House wife
58171,Justin Stevenson,32,Male,Married,Employee
20950,Mary Ellis,22,Female,Single,Student
36695,Mark Bonilla,26,Male,Married,Employee
8526,Patricia Butler,31,Male,Prefer not to say,Employee
78272,Mr. Edward Alvarado DDS,24,Female,Single,Employee
77403,Sarah Thomas,24,Male,Single,Student
77652,Sharon Watts,23,Female,Single,Student
99837,Elizabeth Morton,27,Female,Married,Self Employeed
92272,Paul Parks,26,Female,Married,Self Employeed
29776,Diana Oliver,28,Female,Married,Employee
34808,Kelly Johnson,23,Female,Single,Student
16886,Jillian King,24,Male,Single,Student
49984,Michael Smith,24,Female,Single,Self Employeed
62615,Brian Alexander,23,Male,Single,Student
14229,Nancy Mason,30,Male,Married,Self Employeed
52177,Kenneth Scott,32,Female,Married,House wife
8029,Melvin Duran,22,Male,Single,Student
28922,Jason Mckay,29,Female,Married,Employee
69420,Karen Christian,21,Male,Single,Student
70812,Nicole Avila,22,Female,Single,Student
34364,Damon Morris,27,Female,Married,Self Employeed
43204,Jacqueline Johnson,27,Female,Married,Employee
36795,Amanda Peterson,29,Male,Single,Employee
97027,Catherine Garcia,22,Female,Single,Student
63343,Edward Tapia,26,Male,Married,Employee
36956,Carol Henderson,25,Male,Single,Student
69229,Jacqueline Bernard,26,Female,Married,Employee
9424,Timothy Duarte,25,Male,Single,Student
86001,Crystal Thomas,20,Male,Single,Student
16959,Richard Cox,22,Male,Married,Student
21615,Cody Phillips,22,Male,Married,Student
61462,Cynthia Krause,32,Female,Married,House wife
61774,Robert Bernard,23,Female,Single,Student
86802,Donna Gilbert,22,Female,Single,Student
67503,Ann Wolfe DDS,23,Female,Single,Employee
79371,Tina Burton,31,Female,Married,House wife
34497,Andrea Johnson,29,Female,Married,Employee
43009,Edward Butler,22,Female,Single,Student
91598,Caleb Johnson,22,Male,Single,Student
75439,Brianna Pearson,27,Female,Single,Student
29720,Sophia Miller,21,Male,Single,Student
38607,Joanna Morse,24,Female,Married,Self Employeed
77127,Kyle Bates,22,Male,Single,Student
97088,Tyler Wagner,25,Male,Single,Student
24627,Christopher Hernandez,22,Female,Single,Employee
61815,Carlos Johnson,26,Female,Single,Self Employeed
69756,Jessica Cobb,27,Female,Married,Employee
11931,Mrs. Alison Nolan MD,27,Female,Married,Self Employeed
16161,Courtney Mercer,20,Male,Single,Student
47440,Aaron Lopez,24,Female,Single,Student
34606,Cory Miller,23,Male,Single,Student
14107,Amanda Mccann,26,Female,Single,Employee
90651,Charles Melendez,26,Female,Married,Employee
98435,Steven Gonzales,23,Male,Single,Employee
17503,Selena Allen,23,Male,Single,Student
63486,Brian Morales,22,Female,Single,Student
33076,Sean Kennedy,25,Male,Single,Student
79809,Adam Wade,22,Male,Single,Student
90791,Krista Mccarthy,23,Male,Single,Student
93365,Catherine Beltran,30,Male,Married,Self Employeed
18293,Jay Howard,22,Female,Single,Student
43850,Robert Simon,27,Female,Married,Employee
35068,Lisa Ramirez,24,Female,Single,Student
61393,Ryan Herrera,25,Male,Single,Student
27382,Daniel Ellis,23,Female,Single,Student
85414,Michele Lopez,25,Male,Single,Student
13798,Aaron Smith,26,Male,Single,Employee
1729,Catherine Ponce,22,Male,Single,Student
66101,Jessica Barrett,23,Male,Single,Student
7678,Mr. Dylan Reyes Jr.,24,Female,Single,Student
73315,Charles Bailey,22,Female,Single,Student
69696,Stephen Flynn,23,Female,Single,Student
5439,Brenda Joseph,22,Male,Single,Student
73381,Julie King,23,Female,Single,Student
34591,Joshua Arellano,31,Male,Married,Employee
8453,Daniel Price,22,Male,Single,Student
6235,Desiree Blake,22,Female,Single,Student
56580,Melvin Fisher,24,Female,Single,Self Employeed
44069,Kelly Bolton,25,Female,Married,Student
73662,Cody Perez,22,Female,Single,Employee
18242,Kenneth Pena,27,Female,Married,Employee
72560,Jimmy Lambert,22,Female,Single,Student
11373,Denise Garcia,27,Female,Married,Self Employeed
53068,Jessica Barber DVM,25,Female,Single,Employee
54397,David Gomez,26,Male,Single,Student
60744,Wanda Hawkins,32,Male,Married,Self Employeed
4233,Laura Merritt,29,Female,Married,Employee
66150,Heather Hanson MD,31,Male,Married,Self Employeed
227,Autumn Bryant,21,Female,Single,Student
38051,Christopher Hill,22,Female,Single,Student
75831,William Owens,22,Male,Single,Student
11713,Andrea Fitzgerald,25,Female,Single,Student
89799,Jason Brown,22,Male,Single,Student
84722,Wayne Garcia,33,Male,Married,Employee
11651,Jennifer Whitehead,22,Female,Single,Student
63793,Annette Whitaker,21,Male,Single,Student
18332,Cody Tran,25,Male,Single,Student
59465,Kelly Guzman,24,Female,Single,Student
31839,Mary Owen,22,Female,Single,Student
35888,Victoria Adams,24,Male,Single,Employee
70558,Tanner Riley,22,Female,Single,Employee
68842,Erin Ali,27,Male,Single,Employee
44300,Veronica Walker,23,Female,Single,Student
39432,Katherine Higgins,23,Female,Single,Student
71758,Mr. Timothy Bridges,22,Male,Single,Student
51267,Chad Bennett,23,Female,Single,Student
49809,Thomas Walsh,24,Male,Single,Student
86689,Melinda Williams,26,Female,Married,Employee
61005,Matthew Rich,25,Male,Single,Student
60771,Christine Swanson,28,Male,Married,Employee
88,Dylan Black,25,Male,Single,Student
77204,Christina Schmitt,22,Male,Single,Student
51988,Beverly Gonzalez,23,Female,Single,Student
82150,Nathaniel Schaefer,21,Female,Single,Student
43734,Andrea Lee,22,Female,Single,Student
95182,Laura Escobar,26,Male,Single,Self Employeed
88477,Anthony Garza,23,Male,Single,Student
62006,Nicole Pratt,21,Female,Single,Student
30884,Terry Bailey,21,Male,Single,Student
50767,Tammy Rowland,23,Female,Single,Student
74956,Andrew Kim,24,Female,Single,Student
12751,Pedro Smith,23,Female,Single,Student
36507,Michael West,22,Female,Single,Student
9938,Karen Wright,24,Male,Single,Student
18374,Lisa Bates,33,Male,Married,Employee
92221,Laurie Miller,25,Male,Married,Self Employeed
90730,Joanne Johnson,27,Male,Married,Employee
12397,Lisa Williams,23,Female,Single,Student
94922,Vincent Carrillo,23,Female,Single,Employee
33802,Jonathan Francis,27,Female,Married,Self Employeed
1231,Joshua Horton,24,Male,Single,Employee
20335,Lisa Morgan,27,Male,Married,Employee
78044,Christina Rogers,28,Female,Married,Student
40351,Lisa Padilla,23,Male,Single,Student
50863,Ann Weaver,22,Female,Single,Student
65410,Mrs. Jennifer Pena,28,Male,Single,Self Employeed
98466,Joseph Hill,22,Female,Single,Student
83943,Melissa Barry,19,Female,Single,Student
35641,Julie Price DDS,20,Male,Single,Student
76610,Tyler Cox Jr.,25,Female,Single,Student
1046,Shelby Archer,26,Female,Single,Employee
97796,John Hodge,21,Female,Single,Student
5938,Michael Warren,24,Male,Prefer not to say,Self Employeed
57688,Michael Dudley,23,Female,Prefer not to say,Employee
7896,Debra Santiago,27,Female,Married,Employee
87485,Jaime Thomas,32,Female,Married,House wife
17571,Gavin Mcdaniel,21,Male,Single,Student
53065,Terri Mcclure,24,Male,Single,Student
11142,Mary Roberts,22,Female,Single,Student
96937,Alexander Gibbs,24,Male,Single,Student
50491,Jorge Hamilton,23,Female,Single,Student
33223,Dr. Patricia Hanson,28,Male,Married,Employee
82507,Alexandria Kennedy,29,Female,Married,Employee
36297,Jacqueline Hall,21,Male,Single,Student
67925,Claudia Hardy,21,Male,Single,Student
94405,Cynthia Martinez,27,Female,Married,Self Employeed
84993,Dawn Austin,24,Male,Single,Student
62123,Terri Stevens,23,Male,Single,Student
65744,Elaine Lee,26,Female,Married,Student
40247,Becky Middleton,23,Male,Single,Student
16362,James Rosales,25,Male,Single,Student
55939,Keith Aguilar,24,Male,Single,Employee
28675,Justin Schwartz,23,Female,Single,Student
23958,Paul Hull,20,Female,Single,Student
7859,Lacey Roberts,26,Male,Married,Employee
94213,Carlos Herrera,32,Male,Married,Employee
63352,Andrew Aguilar,25,Male,Single,Student
50199,Jeffrey Burgess,23,Male,Single,Student
55239,Raymond Carson,25,Male,Married,Employee
98341,Katie Garcia,22,Male,Single,Student
13706,Brian Daniel,27,Female,Married,Self Employeed
13580,Drew Grant,23,Male,Single,Student
34571,Valerie Leon,23,Female,Single,Student
93622,Steven Herrera,23,Female,Single,Student
2105,Debra Roberts,26,Female,Married,Employee
74361,Justin Ross,20,Male,Single,Student
85889,Mark Lee,23,Male,Single,Student
99907,Matthew Crawford,24,Male,Single,Student
56430,Anthony Turner DDS,20,Male,Single,Student
86503,Jennifer Winters DDS,24,Male,Single,Student
12470,Thomas Miller,25,Male,Single,Student
14779,Andrew Hickman,22,Female,Single,Student
27544,Dr. Bryce Thompson,23,Female,Single,Student
97977,Cynthia Kemp,23,Male,Single,Student
46123,Robin Henry,25,Male,Single,Self Employeed
49369,Sue Richardson,22,Male,Single,Student
1333,Mark Salazar,25,Male,Married,Self Employeed
2361,Christian Ward,25,Male,Married,Employee
82418,Joshua Smith MD,26,Male,Single,Employee
45149,Scott Mckenzie,23,Male,Single,Student
7842,Melissa Carlson,23,Female,Single,Student
86291,Nicholas Santiago,24,Female,Married,Self Employeed
36035,Grace Miller,25,Male,Single,Self Employeed
18146,Stephanie Huynh,22,Male,Single,Employee
70746,Courtney Davidson,23,Female,Single,Student
78804,John Morales,23,Female,Single,Student
94236,Christopher Brown,21,Male,Single,Student
52491,Brittany Stewart,21,Male,Single,Student
88895,Jonathan Smith,23,Male,Single,Student
59269,Jason Mcintyre,24,Female,Single,Student
19663,Debbie Sanchez,21,Male,Single,Student
49826,Anthony Saunders,26,Male,Single,Employee
1323,Julie Gomez,27,Male,Married,Employee
37624,Steven Keith,26,Female,Married,Employee
20087,Holly Ramirez,28,Male,Single,Employee
88366,Kevin Mullen DDS,20,Female,Single,Student
92896,Sherry Hodges,26,Male,Single,Employee
69588,James Thompson,27,Female,Married,Employee
26587,Leslie Graves,22,Female,Single,Employee
39879,Matthew Roman,22,Male,Single,Student
75299,Paul Pearson,22,Female,Single,Student
53979,Terry Sheppard,24,Female,Single,Student
49674,David Ramsey,23,Female,Single,Student
75962,Brad Baxter,22,Female,Single,Student
25356,Erica Rice,27,Female,Married,Employee
27734,Jennifer Watson,28,Male,Married,Employee
18006,Dakota Gonzalez,32,Female,Married,House wife
22673,Ashley Ruiz,25,Male,Married,Self Employeed
50381,David Brown,22,Female,Single,Student
59039,Bruce Key,23,Male,Single,Student
43445,Bonnie Curry,25,Male,Single,Self Employeed
2281,Scott Hanson,23,Male,Single,Student
77965,Bonnie Ortega,29,Male,Single,Employee
96126,Jose Hicks,20,Female,Single,Student
77648,Amy Cohen,23,Male,Single,Student
31432,Tonya Velasquez,22,Female,Single,Student
31923,Troy Gallagher,26,Male,Single,Employee
15809,Eric Mahoney,25,Female,Single,Student
85542,Pamela Ramirez,23,Male,Single,Student
15496,Jacqueline Garcia,31,Male,Married,Employee
77432,Nancy Savage,27,Female,Married,Self Employeed
57937,Austin Day,24,Male,Married,Self Employeed
18950,Nathan Patterson,27,Male,Married,Employee
22584,Donald Contreras,24,Male,Single,Student
6749,Scott Sanchez,20,Male,Single,Student
80574,Roy Combs,30,Male,Married,Self Employeed
53071,Kyle Martinez,22,Male,Single,Student
1403,Chris Sandoval,27,Male,Married,Employee
37782,James Allen,25,Male,Single,Employee
64680,Cynthia Faulkner,21,Female,Single,Employee
79961,Brian Colon,25,Male,Married,Employee
23788,Rebecca Williams,25,Male,Single,Employee
30419,Nicole Mcgee,24,Female,Married,Self Employeed
59035,Samantha Stone,31,Male,Married,Employee
20331,Karen Levine,24,Female,Married,Self Employeed
95653,Kathryn King,25,Female,Single,Student
884,David Boyd,25,Male,Single,Student
41516,Timothy Nguyen,23,Male,Single,Student
14039,Brandon Stewart,22,Male,Single,Student
44970,Mrs. Robin Bond,29,Male,Married,Employee
32866,Brenda Carpenter,24,Female,Married,Employee
79369,Devin Gross,28,Male,Married,Employee
3254,Richard Smith,22,Male,Single,Student
2938,Wendy Vance,23,Female,Single,Student
36839,Jerry Fisher,24,Male,Single,Student
25040,Andrew Sanchez,23,Female,Single,Student
23395,Marcus Harper,23,Male,Single,Employee
81993,Holly Rodriguez,24,Male,Married,Self Employeed
56294,Eric Smith MD,22,Female,Single,Student
1319,Kelly Odonnell,24,Female,Married,Self Employeed
95285,Kristin Taylor,25,Female,Married,Student
32593,April Bowman,20,Female,Single,Student
86254,Robin Carr,24,Male,Prefer not to say,Self Employeed
79995,Malik Wade,24,Male,Single,Employee
63781,Nicole Wallace,32,Male,Married,Employee
37109,Cindy Morales,31,Male,Prefer not to say,Employee
1350,Elijah Tran,28,Male,Married,Employee
4791,Angelica Cunningham,19,Female,Single,Student
96595,Meghan Carlson,22,Female,Single,Student
87445,Daniel Nelson,24,Male,Single,Student
87608,Linda Bailey,23,Female,Single,Student
84334,Greg Cummings,33,Male,Married,Employee
58135,Lisa Peterson,29,Male,Single,Employee
18635,Melissa Arnold,22,Female,Single,Student
3394,Christopher Robertson,20,Female,Single,Student
72229,Matthew Figueroa,23,Male,Single,Student
37588,Dr. Juan Morrow,21,Male,Single,Student
11447,Michelle Krause,24,Female,Married,Self Employeed
92169,Gary Underwood,21,Male,Single,Student
33055,Renee Phillips,26,Male,Single,Student
93269,Kim Blackwell,32,Male,Married,Employee
59809,Brittany Mccormick,22,Female,Single,Student
61578,Stacey Leblanc,24,Female,Married,Employee
49661,Cynthia Shields,23,Female,Single,Student
11061,Taylor Robinson,19,Male,Single,Student
1551,Ashley Roach,23,Male,Single,Student
80751,Yolanda Parks,24,Female,Single,Student
4511,Derek Thomas,28,Male,Married,Employee
26439,Ashley Delacruz,22,Male,Single,Student
86709,Vanessa Barnett,32,Female,Married,House wife
83004,Taylor Ellis,29,Male,Single,Self Employeed
80167,Carol Peterson,27,Male,Married,Employee
48079,Anthony Clements,25,Male,Single,Self Employeed
16302,Kyle Gonzales,27,Female,Married,Employee
17495,Karen Freeman,22,Female,Single,Student
85699,Gregory Williams,25,Male,Single,Self Employeed
61706,Samantha Garza,21,Male,Single,Student
49149,Christopher Owen,30,Male,Married,Self Employeed
70173,Karen Peters,20,Male,Single,Student
96223,Bryan Salazar,23,Male,Single,Student
52413,Casey Hudson,25,Male,Married,Employee
97494,Robert Mcdonald,28,Male,Married,Employee
9094,Matthew Wall,20,Male,Single,Student
6268,Lindsay Harrison,25,Male,Single,Student
81824,Debra Bell,28,Male,Married,Employee
40204,Brandi Smith,23,Female,Single,Student
69326,Jennifer Kelly,24,Female,Married,Employee
57863,Christopher Davis,23,Female,Single,Student
52992,Andrew Vaughan,32,Male,Married,Employee
89246,Dean Walters,27,Female,Married,Employee
26874,Tina Snyder,23,Male,Single,Student
62597,Jessica Mckenzie,23,Male,Single,Student
47746,Adam Klein,22,Male,Single,Student
40991,Stephen Martin,29,Female,Married,Employee
13929,Ashley Evans,20,Male,Single,Student
94954,Marvin Johnson,21,Female,Single,Student
18743,Wendy Leonard,32,Female,Married,Employee
1058,Adam Smith,21,Female,Single,Student
4338,Erica Benjamin,24,Female,Married,Employee
34171,Danielle Moore,22,Female,Single,Student
96506,Taylor Robinson,21,Female,Single,Student
2030,Alexis Ingram,28,Male,Married,Self Employeed
1431,Michelle Carpenter DDS,26,Male,Married,Employee
35084,Pamela Lewis,26,Male,Single,Employee
33932,Gabriel Hammond,23,Female,Single,Employee
55376,Cassandra Davenport,23,Female,Prefer not to say,Employee
22825,Joshua Powell,26,Male,Prefer not to say,Self Employeed
73647,Scott Keller,24,Male,Single,Student
25270,Jasmine Le,22,Female,Single,Student
64035,Laurie Jimenez,23,Female,Single,Self Employeed
14806,Todd Little,22,Male,Single,Student
60298,Kelsey Morrow,32,Female,Married,House wife
50079,Sierra Jacobs,22,Female,Single,Student
31592,Cody Hernandez,26,Male,Single,Employee
586,Christina Allen,25,Male,Married,Employee
36905,Ryan Thomas,22,Male,Single,Student
21333,Megan Castaneda,27,Female,Married,Employee
39457,Dillon Mcdonald,22,Male,Single,Student
12534,Denise Smith,24,Male,Prefer not to say,Self Employeed
40816,Andrew Barton,24,Female,Single,Student
68317,Amanda Kim,23,Female,Single,Employee
42918,Christopher Fuentes,24,Male,Single,Student
5216,Lisa Bennett,26,Female,Married,Student
83013,Heather Shields,23,Female,Single,Student
40200,Melanie Huang,29,Male,Single,Employee
64274,Michael Chapman,22,Male,Single,Employee
88544,Chris Gordon,24,Male,Single,Student
834,Barry Hines,24,Female,Single,Student
41273,Eric Craig,24,Male,Single,Student
79343,Theresa Collins,24,Male,Single,Student
35016,Collin Thomas,25,Male,Single,Student
66703,Suzanne Garza,25,Male,Single,Self Employeed
65644,Mr. Aaron Ballard,24,Female,Single,Student
18486,Susan Leon,23,Female,Single,Employee
33334,Anna Le,27,Male,Married,Self Employeed
13552,Richard Reynolds,29,Male,Single,Self Employeed
95261,David Hernandez,23,Male,Single,Student
17673,Marcus Gonzalez,21,Male,Single,Student
23146,Ashley Johnson,22,Male,Single,Employee
61130,Donald Murray,23,Male,Single,Student
69841,Christina Nelson,20,Female,Single,Student
96987,Zachary Ingram,21,Male,Single,Student
35754,Wayne Mendez,24,Female,Single,Student
33460,Andre Washington,26,Male,Single,Self Employeed
14269,Tracey Hanson,22,Male,Single,Student
22187,Tara Miller,22,Male,Single,Student
15023,Kimberly Sanchez,30,Male,Married,Employee
11969,Stephen Marks,22,Female,Single,Student
28566,Tony Blake,22,Female,Single,Student
25842,Yvonne Carter,26,Male,Prefer not to say,Self Employeed
279,Jeremy Bush,30,Male,Married,Employee
76183,Brian Byrd,19,Female,Single,Student
6149,Matthew Harris,22,Female,Single,Student
61297,Kimberly Perry,27,Female,Married,Employee
77960,David Bryant,29,Male,Single,Self Employeed
14150,Benjamin Ramirez,23,Male,Single,Student
47140,Timothy Hanson,24,Male,Single,Employee
29518,Susan Robinson,22,Male,Single,Student
10050,Jessica Williams,29,Male,Married,Employee
53346,Brian Smith,31,Male,Married,Self Employeed
75310,Christopher Ruiz,32,Female,Prefer not to say,House wife
20613,Peter Rodgers,23,Female,Single,Student
34287,Tanya Pruitt,25,Male,Married,Employee
59397,John Thompson,25,Male,Married,Employee
38721,Steve Torres,22,Female,Single,Student
31121,Kelly Foster,24,Male,Single,Student
46500,Michael Krueger,32,Male,Married,Employee
31419,Michelle Reed,23,Female,Single,Employee
1573,Angel Cowan,24,Male,Single,Student
78057,Allison Bailey,23,Female,Single,Student
53084,Julie Winters,26,Female,Married,Self Employeed
27806,Kenneth Huerta,30,Male,Married,Self Employeed
96811,Christopher Wheeler,23,Female,Married,House wife
97650,Benjamin Vasquez,24,Female,Married,Employee
15843,Crystal Yoder,29,Male,Single,Employee
52853,Alejandra Ruiz,23,Male,Single,Student
50138,Kevin Potter,24,Female,Single,Student
27538,Vanessa Morrow,31,Male,Prefer not to say,Employee
11856,Shelby Lin,32,Male,Married,Self Employeed
41094,Benjamin Barnes,27,Male,Married,Self Employeed
40942,John Allen,24,Male,Single,Student
78213,Laura Levy,25,Female,Married,Student
70852,Megan Lee,29,Male,Single,Employee
85907,Ashley Williams,27,Male,Married,Employee
70227,Jamie Burgess,23,Male,Single,Student
17248,Danielle Williams,23,Female,Single,Employee
91331,Marco Herrera,23,Male,Single,Student
74412,Kelly Young,27,Female,Married,Employee
13736,Theresa Leon,23,Female,Single,Student
75534,Thomas Lee,24,Female,Married,Employee
19779,Nicholas Ward,23,Female,Single,Employee
8094,Rodney White,29,Male,Married,Employee
92534,Dwayne Figueroa,31,Male,Married,Self Employeed
82193,Mrs. Diana Harding,24,Male,Single,Student
67484,Elizabeth Ward,29,Male,Single,Self Employeed
46678,Sierra Powell,24,Male,Prefer not to say,Self Employeed
74258,Jessica Hawkins,22,Male,Single,Student
54569,Eric Tucker,31,Male,Prefer not to say,Employee
61461,Benjamin Hansen,25,Male,Single,Employee
31022,Aaron Blair,30,Male,Married,Employee
2130,Chad Colon,31,Male,Married,Self Employeed
95185,Christopher Oconnor,24,Male,Married,Self Employeed
11864,Daniel Wright II,32,Male,Married,Employee
55043,Christopher Kennedy,23,Female,Single,Student
14425,Sergio Hull,23,Female,Single,Student
52151,Erik Walker,27,Male,Married,Employee
9162,Eric Ellis,24,Male,Single,Student
42666,Angela Rodriguez,30,Male,Married,Self Employeed
7316,Zachary Castaneda,25,Female,Single,Student
2181,Brian Martin,32,Male,Married,Employee
67359,Julie Woods,25,Male,Married,Employee
9601,Jacqueline Davis,25,Female,Single,Student
35737,Patricia Smith,30,Male,Married,Self Employeed
30465,Michael Torres,23,Male,Single,Student
10572,David Howard,25,Male,Single,Student
85767,Philip Nichols,25,Male,Single,Student
6176,Kristen Mckinney,21,Male,Single,Student
31197,Connie Kelly,25,Male,Single,Employee
77458,Hayley Leon,21,Male,Single,Student
1222,Shannon Powell,24,Female,Single,Student
74449,Ruben Johnson,23,Male,Single,Student
37038,Anthony Mckee,26,Male,Married,Self Employeed
16291,Michael Townsend,24,Female,Single,Student
25453,Trevor Nelson,24,Female,Single,Self Employeed
33563,Rickey Nguyen,24,Female,Married,Self Employeed
656,Ashley Cross,25,Female,Single,Employee
43384,Heather Thomas,26,Female,Married,Self Employeed
64833,Matthew Adams,25,Male,Single,Student
37692,Kimberly Scott,28,Female,Married,Student
50195,William Jacobs,25,Male,Married,Employee
64798,Gabrielle Mason,24,Female,Single,Student
34273,Laura Galvan,23,Male,Single,Student
4051,Kristen Bishop,22,Male,Single,Student
87072,William Ritter,20,Female,Single,Student
81773,Spencer Davis,24,Female,Single,Student
70997,Bryan Shea,27,Female,Married,Employee
4368,Stacy Richmond,32,Female,Married,House wife
56346,Jacob Gonzales,24,Female,Single,Student
45918,John Walker,19,Male,Single,Student
46369,Susan Young,19,Male,Single,Student
90890,Kevin Malone,23,Female,Single,Student
5074,Katherine Hudson,22,Male,Single,Student
35991,Donald Meyer,25,Female,Prefer not to say,Employee
10502,Ashley Cobb,25,Male,Single,Student
55930,Richard Soto,24,Female,Single,Student
11015,Andrew Miller,23,Male,Single,Student
80128,Sara Medina,23,Female,Single,Student
40039,Robert Fuller,26,Male,Single,Student
69576,Diana Gomez,32,Male,Married,Employee
8787,Gary George,29,Female,Married,Employee
60719,Amy Delgado,24,Male,Single,Student
55432,Eric King,25,Male,Single,Self Employeed
95341,Brittany Daniel,19,Male,Single,Student
19213,Pedro Williams,23,Male,Single,Student
94482,Summer Gill,25,Male,Married,Employee
41047,Amy Chapman,23,Female,Single,Student
3790,Jay Oneal Jr.,22,Male,Single,Employee
90092,Juan Austin,24,Female,Single,Student
58117,Joshua Thomas,22,Male,Single,Student
22507,David Faulkner,22,Male,Single,Student
17920,Helen Farmer,24,Female,Single,Student
96635,Jason West,22,Female,Single,Student
8570,Alexa Jones,22,Female,Single,Student
88174,Renee Day,23,Female,Single,Student
45795,Gregory Jackson,22,Female,Single,Student
73839,Bradley Romero,32,Female,Married,Employee
15461,Michael Davis,22,Female,Single,Student
8312,Melanie Evans,26,Male,Single,Employee
64112,Adam Smith,26,Male,Single,Self Employeed
9661,Christina Williams,20,Male,Single,Student
857,Elizabeth Rowe,24,Male,Single,Student
57420,Amy Ross,23,Female,Single,Student
40012,Tamara Hinton,23,Male,Single,Student
21178,Andrew Stewart,28,Male,Single,Self Employeed
85575,Joan Baldwin,24,Female,Single,Employee
22154,Stephanie Fletcher,32,Female,Prefer not to say,House wife
66030,Lori Castro,24,Female,Married,Employee
11469,Vicki Torres MD,28,Male,Married,Employee
65982,Debbie Hill,22,Male,Single,Student
37238,Joseph Olson,31,Male,Prefer not to say,Employee
72376,Nicole Allen,23,Female,Single,Student
83143,Joanna Cooper,21,Male,Single,Student
20283,Christopher Velez,26,Male,Single,Employee
12388,Marissa Young,29,Male,Single,Self Employeed
29870,Jason Quinn,22,Male,Single,Student
78789,Susan Cherry,21,Male,Single,Student
69418,Sherry Wilson,27,Male,Married,Self Employeed
10900,Colin Day,25,Male,Single,Student
22740,Gina Brown,29,Male,Single,Employee
1415,Christopher Williams,29,Female,Married,Employee
30953,Vanessa Wheeler,22,Male,Single,Student
56835,Kaitlyn Leach,22,Male,Single,Student
38936,Jessica Montgomery,27,Female,Married,Employee
32201,Katherine Rodriguez,23,Female,Single,Student
68845,John Williams,25,Male,Married,Self Employeed
45692,Melissa Leblanc,24,Female,Married,Student
72020,Brianna Martinez,23,Female,Single,Student
80648,William Hess,25,Female,Single,Student
20428,Christine Shaw,21,Male,Single,Student
11896,Chelsea Simmons,27,Male,Married,Self Employeed
4625,Eric Gibson,24,Male,Single,Student
29506,Kara Martin,23,Female,Single,Student
12561,Kara Weber,24,Male,Single,Student
38943,Dr. Christine Brown,25,Male,Married,Employee
69606,Erica Foster,21,Male,Single,Student
574,David Caldwell,28,Male,Married,Employee
84866,Brent Goodman,21,Female,Single,Student
51744,Ronald Guerra,22,Female,Single,Student
74337,Brendan Sawyer,26,Female,Married,Self Employeed
86885,Frank Parker,21,Male,Single,Student
36239,Stephen Aguilar,24,Female,Married,Self Employeed
50283,Donald Davis,29,Male,Single,Self Employeed
7749,Sydney Sparks,25,Male,Single,Self Employeed
45120,Victoria Wood,25,Male,Single,Student
99912,Brett Scott,22,Female,Single,Student
73382,Theresa Taylor,22,Female,Single,Student
60894,Amanda Grimes,22,Male,Single,Student
76179,Thomas Munoz,28,Male,Married,Employee
79844,Jason Henson,27,Female,Married,Employee
86324,Michael Frederick,25,Male,Single,Employee
98518,Stacy Jones,27,Male,Married,Self Employeed
76930,Diane Curry,28,Male,Married,Employee
17962,James Johnson,23,Female,Single,Student
64846,Amy Morton,22,Female,Single,Student
28287,Brian Hayes,23,Female,Single,Student
16731,Jordan Harris,24,Female,Single,Student
67703,Elizabeth Johns,24,Male,Single,Student
81582,Richard Zuniga,23,Male,Single,Student
2743,Jon Garner,22,Female,Single,Student
91840,Seth Chavez,21,Female,Single,Employee
51277,Jennifer Horton,23,Male,Single,Student
10818,Nicholas Sims,24,Female,Single,Employee
13414,Brittany White,23,Female,Single,Student
4646,Stephen Hardy,31,Male,Prefer not to say,Employee
24831,Christopher Chambers,23,Male,Single,Student
51478,John Fisher,24,Female,Married,Employee
60477,Laura Day,29,Female,Married,Employee
9888,Alisha Anderson,25,Male,Single,Employee
77007,Christopher Frederick,22,Female,Single,Employee
80596,Tyler Hodges,23,Female,Prefer not to say,Employee
72762,Traci Long,20,Male,Single,Student
97107,Megan Robles,26,Male,Single,Employee
53570,John Moran,25,Male,Single,Student
15627,Christopher Smith,26,Male,Single,Employee
98423,Peter Mcmahon,23,Male,Single,Student
38862,Danielle Yang,22,Male,Single,Student
24548,Scott Chandler,24,Female,Single,Student
78204,Karen Smith,32,Male,Married,Self Employeed
44525,Jason Sutton,24,Female,Single,Student
929,Cody Smith,20,Male,Single,Student
30573,Sarah Adams,22,Female,Single,Student
2175,Julia Brown,25,Male,Married,Employee
63408,Douglas Miller,26,Male,Single,Employee
15467,Gabriel King,23,Female,Single,Student
21288,Alan James,25,Male,Single,Self Employeed
68792,Daniel West,25,Female,Married,Employee
64131,Daniel Miller,21,Male,Single,Student
42631,Benjamin Townsend MD,25,Male,Single,Self Employeed
48460,Evelyn Norris,25,Female,Single,Student
8286,Christine Delacruz,33,Male,Married,Employee
56545,Robert Miller,26,Female,Married,Employee
36138,Frank Brown,25,Male,Single,Student
73918,Omar Patterson,25,Male,Married,Employee
56098,Ashley Montgomery,28,Male,Single,Self Employeed
25637,James Smith,23,Female,Single,Employee
59976,Gregory Wagner,32,Male,Married,Employee
63100,Melissa Rush,23,Female,Single,Student
56513,Charles Hogan,20,Male,Single,Student
68414,Dr. Pamela Edwards,27,Female,Married,Self Employeed
24264,Michelle Green,23,Female,Single,Student
60420,Julie Allen,23,Female,Prefer not to say,Employee
53043,Nancy Clark,22,Male,Married,Student
92131,Susan Robbins,24,Male,Single,Employee
62661,Jeremy Ball,31,Female,Married,Employee
24014,James Frey,22,Female,Single,Employee
12043,Abigail Garcia,23,Female,Single,Self Employeed
49784,Brittany Johnson,25,Male,Single,Employee
76815,Jeremy Franklin,23,Female,Single,Employee
15395,Mitchell Williams,21,Male,Single,Student
73797,Cynthia Hill,26,Male,Single,Student
50179,Dr. Gabrielle Reed,23,Male,Single,Student
94485,Guy Huerta,23,Male,Single,Student
115,Tiffany Sanders,23,Male,Single,Employee
60900,Rachel Holloway,28,Male,Married,Employee
59781,Rebekah Hansen,23,Female,Single,Employee
62200,Peter Miller,25,Male,Single,Employee
76634,Jeffery Mccoy,25,Male,Married,Employee
37379,Linda Johnson,28,Male,Married,Employee
6730,Laura Dominguez,19,Male,Single,Student
5905,Cynthia Castro,23,Male,Single,Student
65967,Gail Williams,22,Male,Single,Student
14530,Tanya Hall,25,Female,Single,Student
65586,Carolyn Miranda,21,Male,Single,Student
7336,John Gray,25,Male,Single,Self Employeed
88468,Lisa Reed,22,Female,Single,Student
38224,Harold Cisneros,23,Female,Single,Student
58175,Priscilla Foster,26,Male,Prefer not to say,Self Employeed
89551,Shelby Forbes,32,Male,Married,Employee
4163,Lisa Matthews,23,Male,Single,Student
38540,Noah Abbott,25,Male,Single,Student
69510,Kevin Cline,24,Female,Single,Student
33889,Mrs. Lisa Jones DDS,23,Male,Single,Student
38622,Kenneth Williams,29,Female,Married,Employee
96588,Peter Stewart,31,Male,Married,Employee
10619,Rebecca Campos,25,Male,Married,Employee
38358,Michelle Johnson,29,Male,Married,Employee
42506,Scott Peterson,23,Male,Single,Student
32808,Jamie Hayes,32,Male,Married,Self Employeed
56781,Mark Smith,23,Male,Single,Student
40369,Ronald Arnold,28,Female,Single,Employee
32387,Matthew Neal,22,Female,Single,Employee
17774,Crystal Douglas,21,Female,Single,Student
61122,Thomas Cervantes,20,Male,Single,Student
17973,Mary Vincent,24,Male,Married,Self Employeed
64305,Matthew Watson,26,Female,Married,Employee
69596,David Donaldson,30,Female,Married,House wife
85583,Raven Acosta,26,Male,Married,Employee
14985,Kyle House,32,Male,Married,Employee
34607,Michael Lewis,26,Male,Single,Student
9495,Nicole Thompson,22,Female,Single,Employee
32072,Travis Casey,27,Male,Married,Self Employeed
5170,Holly Torres,27,Female,Married,Self Employeed
70610,Caleb Hall,22,Male,Single,Student
11318,Amber Moreno,25,Male,Single,Student
42991,Angela Jones,32,Male,Married,Employee
79977,Kelly Barron,23,Female,Single,Student
60107,Ethan Gibson,25,Male,Single,Self Employeed
67710,Adam Erickson,25,Male,Married,Employee
43943,Meghan White,26,Male,Married,Employee
44018,Christine Hernandez,25,Female,Single,Student
62413,Andrew Hart,20,Male,Single,Student
27785,Jocelyn Lawrence,22,Male,Single,Student
21660,Lisa Clark,24,Female,Single,Self Employeed
31376,Roberto Wolfe,25,Male,Single,Self Employeed
82861,Melissa Taylor,28,Male,Married,Employee
13344,Megan Thompson,23,Female,Single,Student
50615,Jesus Booth,24,Male,Single,Employee
34824,Jeffrey Miller,25,Female,Married,Employee
15838,Kathryn Jones,29,Male,Single,Self Employeed
85349,Patricia Smith,25,Male,Single,Self Employeed
56730,Andres Stewart,23,Female,Single,Student
59923,Timothy Rivers,22,Male,Single,Student
33804,Monique Morgan,23,Male,Single,Student
19838,Carol Ray,22,Female,Single,Student
21518,Andrew Hanson,26,Male,Married,Self Employeed
91196,Susan Berry,24,Female,Single,Student
28011,Juan Hamilton,26,Male,Single,Student
30221,John Harrison,26,Male,Single,Employee
65202,Randall Alvarez,23,Female,Single,Student
22262,Debra Boyd,25,Male,Single,Employee
37116,Brett Marshall,27,Male,Married,Self Employeed
44035,Natasha Hayes,24,Male,Single,Student
55594,Jeremiah Moore,18,Male,Single,Student
34339,Steven Moore,24,Female,Married,Self Employeed
8951,John Johnson,22,Female,Single,Student
52507,Anna Rhodes,23,Male,Single,Student
84700,Cody Miller,25,Female,Married,Employee
28853,Lisa Miller,23,Male,Single,Student
48595,Thomas Mendoza,23,Male,Single,Student
73977,Anita Thomas,23,Male,Single,Student
45567,Mark Maldonado,22,Male,Single,Student
87038,Michael Walker,27,Female,Married,Self Employeed
11148,Brian Nicholson,24,Female,Single,Employee
86810,James George,26,Female,Single,Student
72444,Edward Mullen,23,Female,Single,Student
27725,Theresa Murphy,22,Male,Single,Student
18093,Hannah Yu,30,Male,Married,Self Employeed
85627,Natalie Trevino,26,Male,Married,Employee
90867,Henry Martinez DVM,26,Male,Single,Student
19357,Christopher Tucker,26,Male,Single,Employee
32833,Terry Wright,32,Male,Married,Employee
89333,Mr. Peter Riley,22,Male,Single,Student
31334,Vanessa Allison,25,Female,Married,Employee
68941,Melissa Cross,25,Male,Married,Self Employeed
32613,Olivia Torres,24,Male,Single,Student
41077,Donald Hill,29,Female,Married,Employee
16784,John Smith,32,Female,Married,House wife
41131,James Underwood,22,Male,Single,Student
78319,Martin Bailey,26,Male,Married,Employee
72170,Walter Carr,24,Female,Single,Student
4152,Isaiah Bennett,21,Female,Single,Employee
