order_date,Sales_QTY,Sales_amount,currency,User_id,Restaurant_id
2020-05-25,3,824,INR,23838,425557.0
2019-09-23,1,102,INR,21768,183194.0
2018-06-08,42,51593,INR,25081,435911.0
2019-02-20,1,1213,INR,43971,466488.0
2017-12-05,1,106,INR,90699,154766.0
2019-03-27,1,153,INR,41566,37105.0
2019-05-16,23,46324,INR,60393,431530.0
2018-12-20,1,324,INR,60665,187064.0
2019-11-06,60,0,INR,79276,361558.0
2018-03-19,41,70315,INR,98079,522060.0
2019-07-08,1,111,INR,70430,560676.0
2017-10-27,1,162,INR,38755,491634.0
2018-07-05,1,116,INR,79072,364081.0
2019-09-06,80,22903,INR,63365,547098.0
2019-11-04,1,796,INR,93608,539663.0
2018-02-22,1,806,INR,97208,504700.0
2019-06-13,1,125,INR,7125,519196.0
2017-10-17,6,1870,INR,72523,520986.0
2020-02-06,1,394,INR,56177,422938.0
2020-03-13,1,65,INR,82691,419399.0
2019-07-11,120,66491,INR,48345,522992.0
2019-12-03,1,46,INR,27800,517784.0
2018-08-28,5,2866,INR,17616,3440.0
2019-06-24,1,282,INR,38129,142033.0
2018-01-09,20,7486,INR,34647,552880.0
2017-12-05,3,472,INR,27868,423073.0
2020-04-30,33,8537,INR,63861,473317.0
2018-07-18,4,3444,INR,73274,126040.0
2020-04-09,5,3028,INR,49275,310315.0
2018-09-21,8,2282,INR,4153,420821.0
2019-06-17,1,486,INR,29371,180286.0
2018-01-05,2,468,INR,36056,477763.0
2019-09-17,1,1069,INR,14990,529575.0
2018-04-20,1,116,INR,71606,516740.0
2018-03-21,1,65,INR,77374,484341.0
2018-11-21,56,20250,INR,78080,291543.0
2017-10-20,1,65,INR,63128,30101.0
2018-09-28,1,79,INR,96152,486639.0
2018-01-30,1,259,INR,21578,120303.0
2019-04-10,5,11731,INR,68440,532861.0
2017-11-22,1,801,INR,68442,197527.0
2017-12-19,2,856,INR,20482,554539.0
2018-07-03,1,231,INR,13867,427691.0
2017-10-27,8,7083,INR,37721,512585.0
2018-02-19,1,1148,INR,43089,255529.0
2020-01-31,24,10755,INR,79059,557833.0
2020-05-04,3,2833,INR,11970,344815.0
2018-07-23,1,278,INR,63578,474160.0
2019-02-01,43,12486,INR,71859,553124.0
2020-03-23,1,69,INR,25088,380706.0
2018-05-23,1,403,INR,43964,390512.0
2020-01-06,2,2486,INR,39907,521753.0
2020-06-08,6,7222,INR,79174,577506.0
2019-09-20,1,134,INR,58367,515420.0
2018-09-25,1,190,INR,77956,550000.0
2017-11-03,1,0,INR,2489,567475.0
2017-12-07,70,216667,INR,42544,496018.0
2018-02-02,2,1509,INR,84707,325483.0
2017-10-20,1,106,INR,81563,67937.0
2020-03-06,2,338,INR,23902,401817.0
2019-02-19,1,565,INR,82992,65252.0
2018-12-05,53,15606,INR,8474,491863.0
2018-07-11,1,222,INR,99362,479400.0
2018-12-13,1,51,INR,96711,350794.0
2019-08-05,1,69,INR,76771,200302.0
2017-12-08,1,194,INR,99671,263754.0
2017-12-18,53,84370,INR,31864,493333.0
2019-06-06,1,93,INR,1850,505544.0
2017-12-11,1,130,INR,25830,501446.0
2018-06-21,11,5537,INR,35722,535892.0
2017-11-29,13,3181,INR,65033,211063.0
2018-08-13,1,88,INR,2715,300891.0
2019-04-11,1,69,INR,47794,572135.0
2019-03-08,1,616,INR,32727,570175.0
2019-05-10,1,65,INR,89791,49762.0
2019-09-04,1,181,INR,25846,101434.0
2019-01-25,1,106,INR,50633,399850.0
2019-06-05,1,356,INR,4368,424197.0
2020-06-04,1,264,INR,51078,68554.0
2018-04-30,1,278,INR,73943,10728.0
2020-02-05,1,46,INR,4977,317878.0
2019-04-18,1,1986,INR,72326,569471.0
2017-11-03,1,74,INR,39488,449455.0
2019-05-02,3,1245,INR,85622,260126.0
2018-12-10,1,148,INR,21788,13928.0
2018-01-11,12,3000,INR,15376,471474.0
2017-12-06,1,134,INR,40021,545176.0
2018-06-29,1,83,INR,80959,379204.0
2018-04-16,1,157,INR,11974,268070.0
2018-04-16,1,194,INR,31051,334993.0
2018-11-06,1,69,INR,11806,240976.0
2019-03-01,22,2102,INR,61821,449664.0
2018-07-20,10,3472,INR,98057,390219.0
2017-12-29,11,10991,INR,74035,482155.0
2020-02-12,19,24528,INR,33005,268257.0
2018-11-16,1,204,INR,75021,249303.0
2019-04-16,53,84352,INR,22377,468590.0
2018-07-11,140,83810,INR,81045,348755.0
2018-03-22,1,56,INR,66683,550192.0
2018-09-05,1,93,INR,88517,499519.0
2018-08-10,3,6125,INR,44775,546483.0
2019-11-05,1,384,INR,32331,531104.0
2018-10-23,2,236,INR,48250,478927.0
2018-04-11,1,46,INR,29789,307485.0
2017-11-10,1,42,INR,14455,519256.0
2018-09-20,1,1394,INR,79375,504465.0
2020-01-15,3,1019,INR,50179,277487.0
2018-07-20,1,796,INR,21716,226773.0
2018-09-26,1,551,INR,31150,349073.0
2019-02-05,3,361,INR,32504,381596.0
2018-03-28,1,79,INR,98078,299956.0
2018-02-20,2,236,INR,47563,410467.0
2018-10-18,1,79,INR,58549,292518.0
2018-07-30,1,782,INR,27356,493703.0
2018-11-08,200,41144,INR,68166,501926.0
2018-05-04,1,500,INR,25337,329544.0
2019-06-26,1,51,INR,44650,238432.0
2020-06-15,1,176,INR,20216,384967.0
2017-11-21,60,5255,INR,64369,517321.0
2019-08-22,1,1366,INR,53620,543226.0
2018-08-29,53,31569,INR,67882,206995.0
2019-02-04,1,120,INR,25505,536863.0
2019-02-13,2,255,INR,25388,200932.0
2018-01-15,128,17231,INR,75020,563713.0
2019-10-03,1,65,INR,59531,121761.0
2019-03-22,4,2157,INR,13312,51014.0
2019-10-21,6,9421,INR,8709,518818.0
2018-03-13,3,1435,INR,64053,522607.0
2017-11-24,1,102,INR,68556,493215.0
2019-07-15,2,588,INR,50663,299103.0
2019-10-24,1,167,INR,28388,223872.0
2018-03-23,52,53676,INR,13718,240526.0
2018-06-26,11,755,INR,49965,347045.0
2020-02-13,1,218,INR,11639,5589.0
2018-03-13,5,685,INR,60022,223360.0
2019-01-08,1,83,INR,98638,334864.0
2018-09-25,1,134,INR,63617,328886.0
2018-10-04,1,458,INR,47622,554599.0
2018-07-02,5,1319,INR,42968,493082.0
2020-02-12,1,79,INR,2203,569414.0
2018-04-20,1,185,INR,37721,476870.0
2018-02-22,1,93,INR,23306,62186.0
2019-04-11,1,88,INR,24850,395970.0
2020-02-26,3,1042,INR,40990,546220.0
2019-05-21,1,278,INR,50023,546620.0
2019-03-26,9,1750,INR,38025,55702.0
2019-10-08,3,3569,INR,15890,499604.0
2018-11-28,2,273,INR,675,15096.0
2018-07-24,3,1551,INR,25358,525519.0
2018-09-18,3,1324,INR,42877,52248.0
2020-05-06,1,106,INR,68805,23438.0
2018-03-23,1,208,INR,636,571202.0
2018-05-08,1,171,INR,2911,402716.0
2019-05-08,2,750,INR,78624,69062.0
2020-05-25,9,1699,INR,42589,568167.0
2017-11-03,36,17259,INR,99743,533448.0
2018-11-28,1,329,INR,9217,404293.0
2018-06-22,1,111,INR,11599,530051.0
2018-05-16,3,176,INR,38109,314171.0
2018-01-18,43,23769,INR,9790,550552.0
2020-04-28,1,477,INR,24784,
2019-01-18,1,51,INR,45167,531170.0
2020-04-09,48,10495,INR,14753,467728.0
2018-03-22,47,44569,INR,12054,375885.0
2019-03-26,6,5204,INR,5989,539514.0
2018-05-07,1,324,INR,39546,472516.0
2019-05-27,1,412,INR,97490,429244.0
2018-09-03,1,653,INR,54666,519469.0
2019-10-25,1,1074,INR,17599,318071.0
2018-07-27,16,7292,INR,66266,411774.0
2019-12-27,1,204,INR,78911,379931.0
2018-03-22,93,113259,INR,85792,157744.0
2018-08-13,3,931,INR,29311,442933.0
2020-01-21,1,88,INR,62033,127199.0
2017-12-08,1,130,INR,22843,431592.0
2019-09-24,1,0,INR,18091,109382.0
2018-07-04,1,130,INR,73817,42943.0
2018-08-31,1,347,INR,1197,382387.0
2017-12-01,33,2722,INR,61168,481841.0
2018-01-24,1,106,INR,53656,10177.0
2019-05-23,2,727,INR,56672,30678.0
2019-12-24,1,56,INR,18876,488361.0
2018-05-10,1,65,INR,13189,457849.0
2018-06-25,4,9833,INR,96870,447934.0
2018-01-08,3,176,INR,19194,483559.0
2018-03-29,1,28,INR,33081,544526.0
2020-03-30,2,685,INR,38769,447429.0
2019-05-10,54,18648,INR,465,517212.0
2020-04-08,160,43963,INR,77495,529340.0
2018-10-26,1,171,INR,2272,475045.0
2019-12-23,1,1537,INR,52466,396153.0
2018-04-20,1,1213,INR,22187,536417.0
2020-06-05,1,93,INR,37117,375982.0
2018-11-05,1,144,INR,66026,262353.0
2020-04-30,1,0,INR,79316,446525.0
2019-07-23,1,37,INR,3481,322480.0
2017-11-15,1,116,INR,90121,298259.0
2017-10-12,1,370,INR,46066,330656.0
2019-02-21,1,551,INR,48591,453444.0
2019-06-04,1,167,INR,7928,46715.0
2018-11-07,1,319,INR,65479,435845.0
2019-04-30,1,1213,INR,6856,207982.0
2019-04-15,1,218,INR,40901,105302.0
2018-02-02,55,14796,INR,47715,469022.0
2019-10-02,2,944,INR,6237,352135.0
2018-06-07,1,361,INR,67283,520915.0
2020-02-17,4,4190,INR,50124,231916.0
2020-05-29,1,93,INR,35868,460894.0
2019-05-13,1,97,INR,9415,361450.0
2018-07-27,7,10356,INR,84795,557478.0
2018-09-11,1,125,INR,9477,335308.0
2019-06-21,1,157,INR,17270,390060.0
2020-02-17,1,74,INR,26364,454734.0
2018-12-14,3,4870,INR,39273,468745.0
2020-02-12,1,523,INR,76276,411482.0
2018-12-14,1,287,INR,1907,128436.0
2018-11-08,1,1037,INR,88059,516178.0
2020-04-02,1,394,INR,57658,425850.0
2018-04-17,16,6310,INR,53457,294154.0
2018-09-03,1,88,INR,69619,5197.0
2018-07-24,2,579,INR,71288,384872.0
2019-04-24,1,102,INR,75590,550584.0
2020-03-30,1,120,INR,24452,439677.0
2020-04-22,1,120,INR,12920,87898.0
2020-03-27,2,458,INR,20614,362157.0
2019-03-19,9,417,INR,63275,333501.0
2017-12-21,1,231,INR,88628,429451.0
2019-12-02,1,32,INR,34252,142247.0
2017-10-30,1,1250,INR,94717,172963.0
2017-11-09,33,24375,INR,6564,192750.0
2018-02-01,1,51,INR,85604,98138.0
2018-05-25,23,6551,INR,54282,109940.0
2017-12-12,1,560,INR,3659,116273.0
2019-01-29,1,204,INR,81377,200084.0
2020-03-25,1,111,INR,5049,288660.0
2020-01-16,1,495,INR,32094,232050.0
2018-10-10,1,144,INR,17272,542147.0
2020-01-10,1,65,INR,29466,374100.0
2018-08-21,9,2477,INR,72989,392685.0
2019-07-30,2,583,INR,4668,400370.0
2017-11-22,1,273,INR,53767,395687.0
2017-11-08,1,130,INR,37867,531493.0
2019-08-27,1,574,INR,48243,503790.0
2018-01-31,40,34634,INR,96817,473472.0
2019-12-20,1,315,INR,15826,153653.0
2018-01-24,40,58125,INR,78945,348549.0
2017-11-10,1,56,INR,76169,435416.0
2020-02-28,6,2616,INR,82212,97120.0
2018-07-27,14,18315,INR,17946,199491.0
2018-09-14,1,241,INR,29145,259310.0
2019-05-21,1,51,INR,50471,133463.0
2018-09-25,10,8644,INR,89398,407908.0
2019-01-30,1,125,INR,82880,41726.0
2020-06-08,1,213,INR,72115,362718.0
2018-03-06,1,620,INR,44186,316219.0
2019-09-26,20,25032,INR,36802,117531.0
2019-01-07,86,35759,INR,42432,526554.0
2019-07-19,16,6407,INR,61686,344551.0
2019-10-25,3,1125,INR,63427,116631.0
2017-10-25,1,46,INR,95669,307954.0
2018-02-19,4,1986,INR,77443,252023.0
2019-04-23,1,565,INR,914,473514.0
2018-09-27,1,241,INR,73474,420474.0
2019-07-05,4,2583,INR,34303,161570.0
2018-09-21,1,134,INR,23498,454571.0
2018-05-07,3,130,INR,9076,329018.0
2019-05-16,1,28,INR,60887,550025.0
2017-10-13,4,2120,INR,56276,209376.0
2020-05-27,1,213,INR,47349,484754.0
2018-05-18,1,130,INR,9383,361684.0
2017-11-02,1,130,INR,32463,510256.0
2018-08-14,1,0,INR,36174,387185.0
2017-11-16,166,34019,INR,97835,521052.0
2017-12-04,80,176120,INR,11842,324604.0
2019-05-23,1,65,INR,3154,129239.0
2018-02-28,1,176,INR,524,12226.0
2020-02-04,1,500,INR,9213,563936.0
2018-03-06,134,106403,INR,79525,323677.0
2018-12-17,1,639,INR,76069,62578.0
2018-07-05,1,88,INR,99024,181965.0
2017-11-02,7,2486,INR,40552,217457.0
2017-12-15,1,102,INR,46815,542253.0
2018-08-17,7,935,INR,42417,465470.0
2020-05-08,128,268505,INR,21151,542430.0
2019-05-23,1,139,INR,53250,451427.0
2019-04-16,36,8194,INR,60340,74486.0
2018-06-06,2,778,INR,87935,342959.0
2019-12-26,1,449,INR,13278,484821.0
2019-03-20,1,574,INR,71120,153609.0
2018-05-17,1,111,INR,64294,477020.0
2019-12-24,1,421,INR,50107,153827.0
2019-08-01,9,11227,INR,53796,421373.0
2018-11-29,1,366,INR,95098,460034.0
2018-02-07,8,6523,INR,60914,508525.0
2018-07-06,1,435,INR,87646,78985.0
2019-10-24,6,7616,INR,27253,329156.0
2019-01-09,1,97,INR,85561,165641.0
2020-04-06,27,2069,INR,58640,522926.0
2018-10-16,2,542,INR,71702,156163.0
2019-03-15,4,12120,INR,95350,113910.0
2018-09-24,1,167,INR,8145,412847.0
2018-03-19,1,83,INR,89999,242888.0
2019-07-05,1,227,INR,23475,556179.0
2018-07-02,48,11102,INR,61071,192971.0
2018-03-05,1,83,INR,67651,16177.0
2019-11-28,10,750,INR,68918,560801.0
2019-12-09,20,5088,INR,62149,473216.0
2018-09-27,1,417,INR,37437,379231.0
2020-03-23,1,653,INR,50393,387753.0
2020-05-22,1,236,INR,8727,87748.0
2019-09-11,140,221426,INR,32860,465642.0
2019-03-05,1,338,INR,53508,521908.0
2019-11-12,4,4685,INR,42500,496132.0
2020-02-06,6,2949,INR,18202,347247.0
2019-08-02,162,37542,INR,70476,56380.0
2018-11-09,16,3130,INR,35260,500082.0
2018-12-14,1,431,INR,19597,363173.0
2020-02-13,30,46037,INR,49692,412171.0
2019-07-10,1,2352,INR,40543,544159.0
2018-06-20,1,79,INR,95947,425332.0
2019-11-28,1,60,INR,68849,458665.0
2017-11-03,2,301,INR,69352,567810.0
2018-05-02,1,296,INR,62223,499150.0
2018-08-23,7,1861,INR,97578,418653.0
2020-01-20,107,9704,INR,82743,481882.0
2019-08-14,1,898,INR,64481,535029.0
2019-03-21,1,0,INR,79872,377920.0
2020-02-12,1,222,INR,28582,564631.0
2018-12-04,1,301,INR,36517,27625.0
2018-11-26,1,0,INR,92190,512058.0
2017-11-28,3,9528,INR,49862,444840.0
2019-11-28,1,787,INR,47263,497124.0
2017-11-29,1,370,INR,95468,449168.0
2018-07-04,3,884,INR,81205,473044.0
2017-10-20,1,292,INR,78043,557025.0
2017-12-05,20,1833,INR,35794,290244.0
2019-01-09,1,93,INR,19666,490947.0
2018-03-06,1,65,INR,64403,83341.0
2018-07-10,1,352,INR,78133,445074.0
2018-11-13,1,134,INR,21436,519645.0
2018-05-30,1,102,INR,59744,21500.0
2018-11-22,1,153,INR,64299,442790.0
2019-02-22,1,176,INR,59150,4916.0
2018-11-27,40,76222,INR,88786,466606.0
2017-11-06,1,282,INR,24384,479846.0
2019-03-27,1,74,INR,25738,491660.0
2018-05-07,2,7528,INR,95370,323242.0
2019-03-11,3,5292,INR,78589,372951.0
2018-09-27,1,60,INR,88623,382138.0
2018-10-02,1,0,INR,52109,334372.0
2019-02-06,1,264,INR,83609,490855.0
2020-01-07,1,292,INR,46999,575709.0
2019-04-01,2,472,INR,97027,192273.0
2018-05-11,18,4838,INR,8148,552850.0
2018-09-12,1,32,INR,18368,20547.0
2020-03-17,1,51,INR,43365,538145.0
2019-04-04,1,83,INR,41121,440701.0
2018-07-19,1,245,INR,64139,399748.0
2018-09-20,2,333,INR,15287,341667.0
2020-04-08,30,2069,INR,33578,549049.0
2020-04-28,26,3102,INR,37953,13195.0
2019-11-15,33,13745,INR,56758,429637.0
2019-11-15,1,130,INR,56981,569227.0
2018-08-03,3,1468,INR,2638,203483.0
2020-06-11,13,9542,INR,23483,119118.0
2019-10-30,1,292,INR,82327,503743.0
2018-02-02,1,819,INR,84932,195135.0
2018-11-14,1,88,INR,81046,559457.0
2018-08-29,1,111,INR,72405,21274.0
2019-09-24,2,222,INR,34388,223754.0
2019-03-14,2,875,INR,61471,119424.0
2017-11-10,1,435,INR,7428,547506.0
2018-02-26,2,292,INR,62438,561391.0
2019-12-05,1,144,INR,87030,319115.0
2019-08-20,30,10449,INR,69446,43382.0
2019-07-08,1,139,INR,40208,336644.0
2018-01-17,29,15843,INR,76945,520668.0
2020-03-11,1,32,INR,67354,445046.0
2018-01-18,2,898,INR,41036,484573.0
2019-06-24,3,287,INR,22296,464527.0
2019-09-17,60,13903,INR,78400,277810.0
2018-05-09,24,1944,INR,91660,537973.0
2019-11-12,1,171,INR,65787,98206.0
2018-11-15,1,69,INR,16239,373000.0
2018-11-16,1,2162,INR,24665,154620.0
2019-08-05,86,35759,INR,59490,408567.0
2018-07-04,1,120,INR,15191,466013.0
2017-12-11,1,282,INR,94224,100236.0
2017-11-07,2,324,INR,82124,239629.0
2019-09-06,1,102,INR,44882,66769.0
2017-11-09,3,2116,INR,99634,142753.0
2018-07-30,66,5551,INR,30250,494033.0
2018-12-06,6,8616,INR,38252,407724.0
2020-05-13,1,667,INR,35648,508947.0
2018-08-23,3,685,INR,83905,395308.0
2018-07-13,3,2412,INR,4793,501196.0
2018-03-05,1,139,INR,22287,393061.0
2019-09-19,43,6991,INR,98774,497448.0
2019-05-27,1,0,INR,5259,16196.0
2018-06-13,1,1963,INR,22039,483230.0
2020-04-03,129,77690,INR,2984,461646.0
2020-01-16,4,2403,INR,68722,155585.0
2020-05-14,11,1060,INR,47220,106606.0
2018-08-24,1,282,INR,24843,146715.0
2018-03-16,1,93,INR,96035,508863.0
2019-08-20,1,241,INR,17924,327422.0
2019-04-23,1,153,INR,66531,163193.0
2018-06-26,13,31185,INR,87331,446220.0
2018-08-30,27,2486,INR,39170,453309.0
2019-05-28,1,194,INR,51756,573375.0
2018-06-18,1,329,INR,82929,501874.0
2018-07-23,1,722,INR,59009,506209.0
2018-12-18,157,7509,INR,95850,334548.0
2019-03-11,1,1366,INR,37515,539238.0
2019-02-05,1,102,INR,54867,42184.0
2018-11-20,1,301,INR,55681,507213.0
2017-12-05,1,93,INR,20553,507209.0
2019-07-25,1,46,INR,33943,156110.0
2020-06-15,1,106,INR,46377,479421.0
2020-04-10,32,16463,INR,79219,116800.0
2017-10-20,1,417,INR,37901,13702.0
2018-08-31,1,222,INR,91161,468684.0
2019-01-24,5,2088,INR,46624,314712.0
2019-07-18,68,4764,INR,15003,469610.0
2020-03-09,13,16630,INR,16228,337670.0
2018-07-13,24,27162,INR,104,453108.0
2017-12-28,2,2653,INR,2103,534881.0
2018-11-07,7,1634,INR,83718,358296.0
2017-10-09,1,185,INR,18284,556261.0
2018-06-21,1,546,INR,33712,547754.0
2018-09-17,1,194,INR,91004,389386.0
2019-09-12,1,102,INR,71893,461576.0
2018-06-29,1,375,INR,80730,439239.0
2017-12-22,11,3565,INR,47355,377127.0
2017-10-30,1,287,INR,88861,558504.0
2018-01-19,1,60,INR,15194,129572.0
2019-10-16,2,616,INR,57861,477585.0
2017-12-29,1,287,INR,85642,410602.0
2019-04-12,53,5375,INR,2312,486243.0
2020-01-07,27,35574,INR,86450,225958.0
2020-02-13,53,43926,INR,11572,241479.0
2018-04-18,1,514,INR,76005,308072.0
2017-10-31,1,171,INR,54901,90025.0
2020-03-03,74,27375,INR,39673,348747.0
2020-03-09,3,3361,INR,16437,437977.0
2018-11-20,33,5000,INR,61567,531627.0
2019-07-22,24,10588,INR,77914,482438.0
2017-11-24,1,28,INR,41017,403273.0
2018-02-21,1,60,INR,67660,496603.0
2018-10-19,1,218,INR,74347,495725.0
2019-01-29,1,208,INR,15824,322933.0
2018-05-15,1,79,INR,7952,420484.0
2018-03-12,1,102,INR,48699,380841.0
2018-05-29,53,82861,INR,84494,486491.0
2017-11-01,1,60,INR,90693,295057.0
2019-10-30,1,93,INR,90888,506013.0
2018-12-10,1,93,INR,98656,524206.0
2018-03-16,53,13227,INR,27046,59557.0
2018-02-26,1,139,INR,17281,559310.0
2019-05-03,5,1806,INR,36284,338620.0
2018-08-21,5,12250,INR,12918,539546.0
2018-04-06,1,32,INR,90747,366701.0
2017-12-07,1,181,INR,82685,571567.0
2018-08-27,1,412,INR,65954,258914.0
2019-04-23,1,667,INR,65798,
2018-09-24,1,74,INR,43408,354830.0
2018-03-22,1,611,INR,9679,61441.0
2018-01-17,1,65,INR,39988,558350.0
2017-12-08,7,1023,INR,46131,378894.0
2018-05-16,1,185,INR,38423,337044.0
2019-05-31,10,2417,INR,30475,333531.0
2017-12-18,1,231,INR,6475,531290.0
2018-03-15,1,157,INR,60124,480297.0
2019-02-28,3,384,INR,51119,579690.0
2019-01-17,25,1856,INR,33347,28535.0
2018-01-03,2,333,INR,67923,407004.0
2018-06-12,1,148,INR,80119,103605.0
2018-04-09,1,847,INR,6007,219932.0
2018-09-28,1,347,INR,88719,411220.0
2019-11-26,6,7306,INR,33446,549466.0
2018-08-23,6,1954,INR,66836,222142.0
2019-01-08,1,250,INR,63959,443002.0
2019-06-25,13,8144,INR,46385,361491.0
2018-04-05,1,329,INR,72860,552800.0
2018-09-27,9,1866,INR,17076,59584.0
2020-05-27,252,32759,INR,86076,200267.0
2018-01-10,1,380,INR,57774,76746.0
2020-03-31,1,106,INR,21252,341193.0
2020-03-05,1,60,INR,94510,95704.0
2018-02-22,1,231,INR,2025,512484.0
2018-07-13,133,10023,INR,66586,383440.0
2019-10-11,1,93,INR,32126,454704.0
2017-12-13,1,403,INR,51381,439311.0
2019-05-03,3,1662,INR,44720,92279.0
2017-12-15,1,644,INR,65491,455039.0
2020-04-30,4,2190,INR,97812,423955.0
2018-09-11,1,167,INR,73617,576995.0
2017-10-05,2,241,INR,51727,54843.0
2019-03-29,1,745,INR,30192,499241.0
2019-04-26,1,236,INR,14946,557816.0
2019-12-19,9,2204,INR,36128,547234.0
2020-06-16,1,88,INR,27836,241592.0
2018-09-27,1,671,INR,29070,507095.0
2018-10-16,9,843,INR,57096,465906.0
2018-05-02,7,4394,INR,43009,527756.0
2018-09-21,60,9824,INR,61160,375865.0
2020-02-10,32,8116,INR,91769,561305.0
2019-07-23,1,384,INR,25186,214821.0
2018-07-06,17,1898,INR,5491,505332.0
2020-05-04,1,755,INR,19703,275831.0
2018-01-26,1,65,INR,98983,230594.0
2017-10-24,13,3704,INR,9929,404326.0
2018-08-24,1,208,INR,61953,540848.0
2017-12-19,27,24134,INR,38979,528117.0
2018-11-08,23,1315,INR,5186,467410.0
2018-01-17,1,51,INR,54972,381222.0
2017-10-16,1,204,INR,64975,371377.0
2018-11-21,1,514,INR,84212,331388.0
2019-06-13,1,194,INR,4069,328828.0
2017-10-25,5,1292,INR,80691,280220.0
2020-03-10,1,46,INR,20489,447494.0
2018-02-16,3,889,INR,21119,175788.0
2018-06-28,1,162,INR,83688,165289.0
2018-03-08,1,324,INR,94359,241936.0
2018-02-12,1,65,INR,42431,558310.0
2019-10-28,1,287,INR,32627,388833.0
2017-11-13,1,657,INR,18342,78140.0
2020-01-24,1,296,INR,21283,294349.0
2019-12-17,13,28269,INR,6636,53106.0
2018-01-19,4,10032,INR,47640,564490.0
2020-06-10,107,29810,INR,46544,535795.0
2020-06-10,1,370,INR,34318,146528.0
2018-08-29,1,394,INR,77863,495077.0
2019-11-06,1,329,INR,68145,21146.0
2018-07-02,1,125,INR,98664,561539.0
2018-05-17,1,259,INR,15202,234771.0
2018-12-13,1,222,INR,71424,426913.0
2018-08-23,1,74,INR,26566,512560.0
2019-05-24,32,2745,INR,73893,541321.0
2018-04-17,1,176,INR,55327,179435.0
2019-12-24,3,4463,INR,86940,501460.0
2018-01-21,3,139,INR,76639,558873.0
2018-09-27,4,9500,INR,12814,210648.0
2018-02-21,1,431,INR,16954,446176.0
2017-11-20,1,0,INR,28439,535337.0
2018-06-19,14,2704,INR,15247,492957.0
2018-06-13,1,704,INR,97154,200476.0
2020-04-20,2,1676,INR,50269,465554.0
2017-11-13,11,3509,INR,49304,302130.0
2018-03-29,13,6861,INR,2147,560935.0
2020-05-27,23,22250,INR,39453,458570.0
2018-05-15,7,7750,INR,21844,204644.0
2019-11-21,9,1847,INR,42049,411121.0
2017-10-17,1,79,INR,12674,157090.0
2018-11-20,11,2815,INR,14197,95903.0
2019-10-29,1,204,INR,39278,547165.0
2018-01-05,1,88,INR,57618,300118.0
2019-01-16,1,162,INR,76176,475373.0
2018-12-21,1,111,INR,38007,201125.0
2018-11-20,6,8042,INR,61367,575665.0
2019-05-13,1,611,INR,67427,261190.0
2018-03-13,12,10898,INR,55593,572946.0
2019-11-18,2,250,INR,73034,561740.0
2019-02-15,1,468,INR,52327,495968.0
2018-07-17,1,153,INR,71728,419420.0
2019-06-17,1,444,INR,11384,460782.0
2020-05-12,1,1806,INR,32234,224899.0
2019-01-09,1,111,INR,49125,435598.0
2019-08-22,5,1102,INR,9315,388360.0
2018-06-11,7,11176,INR,32343,209996.0
2020-01-09,1,366,INR,37397,561300.0
2018-06-20,1,65,INR,34458,391642.0
2018-10-04,83,12644,INR,94616,9592.0
2017-12-04,43,10833,INR,27965,97012.0
2018-01-24,3,250,INR,36,565374.0
2018-01-24,1,894,INR,34113,67309.0
2019-04-25,438,35222,INR,71719,194978.0
2018-12-28,5,12250,INR,71716,505381.0
2020-05-21,1,310,INR,68939,124053.0
2017-11-10,2,2588,INR,4451,503567.0
2018-06-25,10,8472,INR,65079,507229.0
2018-01-23,3,5657,INR,8369,300497.0
2018-08-10,1,111,INR,42710,333625.0
2018-03-09,1,69,INR,16244,402413.0
2018-05-01,2,208,INR,80910,472137.0
2018-10-18,1,51,INR,53339,430324.0
2018-11-20,1,139,INR,98540,514066.0
2017-10-24,75,7134,INR,45000,412400.0
2019-06-04,16,3130,INR,53854,256829.0
2018-12-04,1,213,INR,63368,543468.0
2018-04-09,1,264,INR,34655,325735.0
2019-11-25,1,833,INR,63292,449400.0
2017-12-18,21,11829,INR,73727,377688.0
2019-08-08,1,111,INR,66340,370604.0
2018-01-17,1,926,INR,59588,523723.0
2018-04-04,1,333,INR,82324,257399.0
2019-07-22,70,6088,INR,51642,518840.0
2019-03-18,1,315,INR,17255,174730.0
2018-03-06,1,153,INR,62922,181115.0
2020-04-30,67,22222,INR,69203,370723.0
2019-04-17,3,509,INR,20154,442890.0
2018-10-30,1,162,INR,40568,131824.0
2018-02-01,1,181,INR,47618,124718.0
2018-11-19,1,287,INR,21909,381904.0
2019-08-02,2,565,INR,65971,11175.0
2019-03-01,1,102,INR,58013,399216.0
2018-11-23,5,2852,INR,2113,544733.0
2019-09-02,40,14667,INR,9647,238570.0
2020-02-14,1,185,INR,55577,553018.0
2019-03-05,1,111,INR,64013,512360.0
2018-10-19,1,93,INR,83794,37545.0
2018-12-07,5,2565,INR,69589,413980.0
2019-06-24,3,1685,INR,53477,348548.0
2019-02-05,6,5574,INR,67870,493382.0
2019-07-04,12,16838,INR,70624,38003.0
2019-09-26,1,912,INR,11060,71632.0
2017-12-26,1,824,INR,14685,203606.0
2018-06-14,3,718,INR,60875,465994.0
2018-04-09,1,583,INR,57214,576361.0
2017-12-06,14,4912,INR,23608,49888.0
2019-09-25,1,120,INR,30488,420555.0
2017-10-13,1,1667,INR,65011,343749.0
2018-01-16,7,1704,INR,94983,552964.0
2018-10-09,1,194,INR,40962,488116.0
2017-11-09,35,3037,INR,46839,479319.0
2020-05-06,2,2426,INR,56738,58429.0
2018-09-13,1,83,INR,85500,112779.0
2018-03-26,40,26255,INR,8041,94650.0
2020-04-07,5,829,INR,50710,467351.0
2020-06-17,2,403,INR,54287,514863.0
2019-01-24,1,120,INR,76391,546054.0
2020-02-04,2,778,INR,11632,479922.0
2020-05-07,1,204,INR,81870,485410.0
2019-10-25,6,1889,INR,44599,289171.0
2019-09-06,1,352,INR,86849,566216.0
2018-11-13,3,2176,INR,13370,240277.0
2019-12-04,3,356,INR,20749,482477.0
2019-06-28,2,556,INR,27440,433145.0
2020-05-18,48,10495,INR,73500,418367.0
2019-12-06,1,796,INR,88435,391768.0
2018-08-02,2,833,INR,73827,436367.0
2018-10-29,64,8907,INR,18534,257540.0
2019-07-18,7,690,INR,42643,580961.0
2018-04-27,1,315,INR,72068,117810.0
2020-01-09,1,394,INR,57500,440745.0
2018-03-23,7,7977,INR,20418,162268.0
2020-03-10,1,981,INR,22451,331780.0
2020-04-17,3,634,INR,77152,475875.0
2018-09-04,1,319,INR,73897,359478.0
2019-04-08,53,36144,INR,38912,97406.0
2020-03-18,1,218,INR,2625,577835.0
2020-01-09,21,1606,INR,58619,577260.0
2018-12-17,16,1458,INR,78811,356513.0
2018-06-15,3,519,INR,5219,120171.0
2019-10-21,1,190,INR,84686,470003.0
2020-03-27,2,1287,INR,57569,306650.0
2018-12-18,3,315,INR,41721,161328.0
2019-06-10,3,3375,INR,40775,494217.0
2019-12-17,2,347,INR,25595,452342.0
2020-04-16,9,2185,INR,63454,56233.0
2018-04-13,3,333,INR,54168,362655.0
2018-06-14,15,1602,INR,59585,559734.0
2019-01-24,1,352,INR,69681,548758.0
2018-02-16,2,1731,INR,71853,351164.0
2018-05-08,1,250,INR,80491,102600.0
2017-12-05,7,2704,INR,91847,280507.0
2019-03-25,6,7870,INR,53997,36694.0
2020-01-13,1,657,INR,70969,461903.0
2018-12-18,1,1051,INR,23338,416529.0
2019-04-12,1,0,INR,81775,553614.0
2019-02-18,23,43153,INR,39219,308143.0
2017-12-21,1,93,INR,82684,513866.0
2018-06-11,1,394,INR,95987,464115.0
2018-05-04,52,29759,INR,62330,457969.0
2019-03-20,1,56,INR,20515,303895.0
2018-11-27,13,2819,INR,63779,386705.0
2019-11-24,1,671,INR,63722,82518.0
2018-10-02,7,1551,INR,85233,149903.0
2018-08-24,1,255,INR,38227,378140.0
2020-06-03,1,0,INR,54538,233879.0
2019-06-04,12,10181,INR,38661,27025.0
2019-11-21,2,1222,INR,93068,2056.0
2020-05-20,40,13384,INR,77423,570961.0
2018-08-30,1,28,INR,74772,341666.0
2018-10-16,1,157,INR,22502,202803.0
2020-05-15,1,79,INR,18322,366942.0
2017-11-30,1,227,INR,90785,404740.0
2018-12-21,2,917,INR,52152,437497.0
2019-10-21,33,4852,INR,86130,354672.0
2018-03-19,3,4065,INR,10467,289826.0
2018-05-03,1,1523,INR,80385,482992.0
2019-11-18,2,5222,INR,29379,
2019-05-20,1,218,INR,19309,202155.0
2019-03-12,1,93,INR,80500,157834.0
2020-03-13,1,218,INR,87828,452893.0
2020-05-11,6,1458,INR,92135,373557.0
2019-01-09,12,3389,INR,31289,190076.0
2019-10-29,1,148,INR,92852,570396.0
2017-10-13,1,1514,INR,88936,102041.0
2019-01-29,1,417,INR,43898,69419.0
2019-12-06,1,111,INR,42470,560870.0
2018-10-11,1,560,INR,50191,519612.0
2020-04-27,27,45810,INR,66080,240796.0
2019-04-23,1,181,INR,87393,21031.0
2019-08-19,1,83,INR,25282,438641.0
2019-11-18,67,17574,INR,3083,177308.0
2018-09-21,1,148,INR,48925,443219.0
2020-06-09,7,11417,INR,44089,375689.0
2017-11-21,1,42,INR,80672,413857.0
2018-05-09,1,514,INR,93909,580501.0
2020-02-03,2,426,INR,74010,501942.0
2019-12-27,1,421,INR,88432,499260.0
2019-11-28,1,250,INR,27821,473074.0
2019-10-21,1,236,INR,79809,555736.0
2017-11-08,1,370,INR,74842,571691.0
2019-04-11,1,46,INR,78012,509906.0
2019-11-14,8,10023,INR,3842,562430.0
2019-04-05,1,111,INR,22885,577276.0
2018-06-29,7,7894,INR,73994,
2019-10-24,16,3875,INR,31790,152359.0
2018-01-22,1,384,INR,10323,506267.0
2019-02-25,2,657,INR,5980,503493.0
2018-06-15,1,181,INR,46180,560569.0
2019-10-17,1,56,INR,58660,450941.0
2018-03-13,28,6431,INR,71961,128885.0
2018-07-10,5,1583,INR,60101,289647.0
2018-08-14,3,352,INR,90733,428796.0
2019-08-06,47,4838,INR,51798,417108.0
2018-03-18,8,15792,INR,44860,221197.0
2019-09-17,7,1435,INR,11334,465956.0
2017-10-30,8,1273,INR,82054,387729.0
2018-03-02,2,1727,INR,26615,548643.0
2020-04-17,2,481,INR,12712,559702.0
2019-11-20,18,15074,INR,7247,434449.0
2020-04-24,14,8782,INR,93943,415483.0
2018-07-13,6,1662,INR,17492,146910.0
2017-11-14,2,528,INR,95151,507484.0
2020-03-26,1,343,INR,85597,321067.0
2018-05-17,1,185,INR,46913,732.0
2018-09-06,2,0,INR,25156,461288.0
2019-10-07,1,333,INR,6622,231470.0
2018-01-16,1,125,INR,33789,551576.0
2018-06-12,2,3102,INR,57601,17832.0
2018-08-17,1,222,INR,96779,522439.0
2019-05-06,1,630,INR,9254,541793.0
2018-02-05,1,46,INR,18092,324416.0
2020-01-27,7,4852,INR,82299,197954.0
2017-11-21,1,28,INR,35483,536208.0
2018-08-31,20,45481,INR,45877,361090.0
2018-01-17,1,148,INR,88176,505733.0
2020-05-18,1,653,INR,13021,493911.0
2020-02-26,16,8231,INR,8199,57243.0
2020-06-11,40,14815,INR,43151,109315.0
2018-06-28,23,20213,INR,8643,418332.0
2018-05-28,5,662,INR,9431,526685.0
2019-03-21,7,5954,INR,45035,513800.0
2018-02-16,2,6356,INR,91266,274015.0
2019-07-30,1,690,INR,45363,374006.0
2019-02-14,40,10176,INR,3037,327279.0
2020-01-22,25,3032,INR,71507,426821.0
2018-10-01,8,3773,INR,72067,381565.0
2020-01-27,120,10435,INR,31089,88263.0
2018-10-31,1,65,INR,81468,445247.0
2018-01-22,1,93,INR,10923,408674.0
2019-09-16,5,245,INR,7128,543398.0
2019-10-24,1,204,INR,88140,564777.0
2019-02-11,1,431,INR,14941,92102.0
2018-06-28,1,148,INR,53403,546898.0
2019-09-10,6,1389,INR,64298,496090.0
2019-05-16,1,1366,INR,21935,336272.0
2019-11-15,1,190,INR,14429,59491.0
2018-10-11,1,389,INR,89073,452258.0
2019-12-03,77,6912,INR,75748,476647.0
2018-10-11,1,0,INR,10494,53120.0
2018-07-10,1,259,INR,13854,372216.0
2019-04-26,4,1167,INR,14151,266989.0
2019-10-08,6,16537,INR,20311,
2018-10-04,1,375,INR,22301,233852.0
2019-08-14,18,4009,INR,78705,469294.0
2018-08-31,2,259,INR,41752,440671.0
2018-06-25,20,2602,INR,5393,56029.0
2018-07-17,2,944,INR,49935,531944.0
2019-05-16,2,667,INR,85802,174091.0
2019-12-20,13,22639,INR,10637,416741.0
2019-08-27,3,3227,INR,12745,452010.0
2019-08-23,1,556,INR,3888,442737.0
2019-08-05,28,29343,INR,80099,501798.0
2018-12-18,50,4954,INR,4367,114253.0
2018-12-14,1,199,INR,85903,176391.0
2019-03-11,1,213,INR,74205,189369.0
2019-05-23,3,995,INR,62208,353367.0
2019-10-24,10,1847,INR,62166,443115.0
2019-10-31,1,181,INR,81960,224776.0
2018-09-06,112,74356,INR,77288,253520.0
2019-10-24,4,648,INR,57989,113135.0
2019-12-30,1,74,INR,96547,77959.0
2018-03-14,1,185,INR,71573,545840.0
2019-02-13,2,370,INR,12626,220040.0
2018-09-25,1,79,INR,9815,496844.0
2018-03-15,2,181,INR,54346,407667.0
2018-08-17,1,611,INR,5974,539137.0
2019-04-11,1,153,INR,20853,13958.0
2018-09-07,4,870,INR,72072,351504.0
2019-11-28,1,125,INR,30071,379225.0
2019-06-04,1,764,INR,21118,429405.0
2018-08-09,1,32,INR,19380,302281.0
2019-05-14,3,7370,INR,44277,140409.0
2019-10-14,1,56,INR,22592,196486.0
2018-06-08,2,310,INR,53110,528121.0
2019-08-19,1,579,INR,17756,289696.0
2018-03-28,4,731,INR,8599,337640.0
2018-08-10,13,2194,INR,38102,367698.0
2019-06-12,1,593,INR,33354,548099.0
2020-05-15,1,1245,INR,39458,574073.0
2017-12-13,1,250,INR,693,575643.0
2017-12-08,1,88,INR,74584,346736.0
2019-07-15,1,1324,INR,94554,465505.0
2018-05-21,1,394,INR,6964,
2019-02-18,163,176273,INR,95698,106429.0
2020-06-05,7,7551,INR,10564,22607.0
2018-06-25,1,32,INR,95840,421527.0
2019-10-09,1,356,INR,85436,44000.0
2020-02-21,62,40477,INR,50077,395178.0
2018-06-15,5,6597,INR,30922,506464.0
2020-01-17,1,310,INR,71667,20778.0
2019-04-17,1,3065,INR,62209,556815.0
2018-11-16,47,100125,INR,80912,263772.0
2018-05-09,1,218,INR,62499,540968.0
2018-10-01,1,310,INR,5948,576752.0
2020-02-11,1,181,INR,63872,432067.0
2019-02-12,40,37093,INR,87178,479177.0
2019-10-16,113,22315,INR,87290,7317.0
2020-04-17,11,4093,INR,95707,175340.0
2019-10-10,1,125,INR,15953,347201.0
2018-08-13,1,213,INR,74351,543839.0
2018-07-18,3,995,INR,22362,222799.0
2018-08-07,1,116,INR,4866,400952.0
2018-02-20,3,1491,INR,36265,471075.0
2018-05-17,1,97,INR,47488,200287.0
2020-02-27,1,111,INR,72106,368741.0
2018-09-25,1,514,INR,14932,519852.0
2018-01-09,1,458,INR,81042,538591.0
2018-01-05,1,93,INR,43443,395521.0
2018-01-19,80,22264,INR,49079,124588.0
2020-02-07,13,8023,INR,16235,338310.0
2018-01-22,1,167,INR,75407,535189.0
2019-09-10,1,296,INR,5212,379511.0
2018-01-30,8,3833,INR,81306,341837.0
2017-10-11,149,7491,INR,93513,355970.0
2018-06-29,1,213,INR,72139,554839.0
2019-05-07,1,1366,INR,73300,351370.0
2017-10-30,1,315,INR,46530,254813.0
2020-01-09,75,4375,INR,80974,309295.0
2019-05-02,2,0,INR,85171,452679.0
2019-01-08,1,51,INR,52728,348589.0
2019-07-12,5,4611,INR,75241,558832.0
2017-12-28,1,287,INR,57121,379008.0
2018-04-04,163,259000,INR,68399,14951.0
2018-04-10,40,39898,INR,21911,503398.0
2017-10-13,23,37245,INR,53532,201022.0
2019-04-10,7,1843,INR,51285,186103.0
2020-05-12,1,287,INR,34377,13182.0
2018-02-16,2,333,INR,31967,237421.0
2019-08-08,5,1333,INR,72450,554093.0
2019-03-05,1,69,INR,95300,403874.0
2018-03-12,1,190,INR,78444,298621.0
2017-10-30,60,5255,INR,28618,171627.0
2018-03-21,26,43556,INR,58740,158655.0
2019-07-06,1,287,INR,91129,394784.0
2017-12-11,12,1463,INR,55100,76134.0
2018-05-07,1,287,INR,27571,147368.0
2018-01-31,7,3157,INR,41088,548131.0
2018-03-15,1,102,INR,1122,410004.0
2018-11-30,1,273,INR,6473,568589.0
2017-12-18,28,33208,INR,49919,56004.0
2019-11-13,1,171,INR,27407,163580.0
2019-03-19,7,7551,INR,28214,378117.0
2018-01-23,4,2403,INR,57188,22246.0
2019-05-03,1,481,INR,60822,495198.0
2019-09-23,1,60,INR,30335,494051.0
2019-11-29,4,2056,INR,57550,168405.0
2018-07-19,39,19106,INR,94684,288952.0
2019-11-06,27,5926,INR,36791,450432.0
2017-10-27,1,171,INR,72267,131710.0
2018-05-15,64,8907,INR,9422,527804.0
2020-05-05,1,111,INR,61224,461773.0
2017-12-14,1,93,INR,61636,58284.0
2019-05-28,1,375,INR,63075,398030.0
2017-11-08,3,412,INR,27814,361814.0
2018-10-22,42,32491,INR,78763,502519.0
2018-08-23,1,722,INR,25995,324046.0
2018-09-14,1,130,INR,75783,316142.0
2019-02-25,47,61315,INR,42220,437012.0
2018-01-25,1,171,INR,69887,518302.0
2019-07-23,2,1269,INR,93530,515079.0
2019-05-27,1,120,INR,51792,77150.0
2018-11-29,1,93,INR,29574,64973.0
2018-08-01,2,486,INR,84781,156161.0
2018-09-05,80,5639,INR,86436,514864.0
2020-03-26,1,241,INR,63697,505614.0
2020-02-19,1,1616,INR,40109,549541.0
2019-07-12,1,1444,INR,39142,498234.0
2019-06-13,1,319,INR,33271,463678.0
2018-03-09,1,204,INR,32613,536652.0
2018-04-25,12,3778,INR,18002,150583.0
2017-12-20,3,4944,INR,50033,281276.0
2019-07-26,3,2370,INR,50894,372550.0
2018-11-15,2,366,INR,50490,523884.0
2018-03-02,1,79,INR,87187,389808.0
2018-09-26,1,46,INR,9516,572956.0
2019-07-25,7,431,INR,28465,568373.0
2019-10-07,2,2014,INR,72166,333430.0
2019-06-18,1,148,INR,91409,76582.0
2017-12-19,1,338,INR,26280,575513.0
2017-10-19,1,97,INR,62329,566181.0
2018-07-31,4,750,INR,64744,64227.0
2018-09-21,1,130,INR,6217,111781.0
2020-02-07,19,8546,INR,6203,333569.0
2020-01-03,1,79,INR,13472,387154.0
2018-07-05,18,2560,INR,80483,390934.0
2018-08-06,151,7236,INR,54430,449194.0
2017-10-06,1,1333,INR,60521,445584.0
2018-11-07,9,389,INR,60995,571185.0
2019-01-07,1,106,INR,34442,228102.0
2019-01-05,1,282,INR,1886,190506.0
2019-06-10,6,1889,INR,57747,296083.0
2018-11-14,1,130,INR,51730,544641.0
2018-03-02,1,51,INR,56008,462029.0
2020-06-10,1,0,INR,63718,142109.0
2019-04-16,1,463,INR,57052,213845.0
2019-04-11,1,111,INR,82083,249289.0
2020-01-10,1,56,INR,96098,186409.0
2020-01-23,2,282,INR,15061,449673.0
2018-02-12,1,106,INR,69289,574070.0
2019-05-17,1,37,INR,85012,413008.0
2019-10-01,1,139,INR,21898,437867.0
2018-02-01,29,15843,INR,54510,225541.0
2018-03-09,1,69,INR,67166,182664.0
2018-10-24,3,3796,INR,82992,110582.0
2018-06-28,1,231,INR,18532,44087.0
2020-05-21,1,213,INR,50549,307807.0
2020-01-09,1,111,INR,55380,573587.0
2019-08-12,16,7343,INR,92380,10894.0
2018-11-07,17,1694,INR,11905,409414.0
2020-04-03,6,11065,INR,20829,185625.0
2017-11-06,1,444,INR,66684,553280.0
2019-05-13,1,301,INR,24494,560770.0
2018-08-27,1,190,INR,94733,414845.0
2018-10-04,1,83,INR,34737,530006.0
2019-08-08,3,375,INR,83218,343739.0
2018-07-04,1,227,INR,24100,558822.0
2018-04-04,1,134,INR,56712,194120.0
2018-06-20,10,8833,INR,23771,34332.0
2019-03-20,1,37,INR,24085,91564.0
2018-06-15,1,551,INR,25641,399806.0
2020-02-04,1,449,INR,30814,348147.0
2019-05-23,5,3565,INR,95706,322261.0
2019-01-11,1,162,INR,34984,129783.0
2018-08-16,120,10435,INR,35235,545692.0
2018-10-19,1,102,INR,9470,510775.0
2017-12-15,3,2306,INR,65932,241946.0
2018-08-31,9,2718,INR,41233,573531.0
2019-09-10,1,93,INR,14033,444621.0
2019-07-10,1,231,INR,4180,445110.0
2018-08-07,7,6579,INR,75274,431488.0
2018-04-23,1,380,INR,90981,477003.0
2017-11-24,2,97,INR,94561,520303.0
2018-03-02,1,79,INR,17507,464099.0
2018-01-04,6,1514,INR,14072,290085.0
2018-08-13,1,1167,INR,24295,445474.0
2019-11-04,1,139,INR,67715,531490.0
2020-05-18,1,42,INR,53376,577989.0
2019-09-24,1,250,INR,25625,130058.0
2019-05-03,6,1968,INR,45671,421004.0
2019-09-10,101,49704,INR,64790,564290.0
2018-07-23,8,3125,INR,18864,520390.0
2019-05-28,1,245,INR,46007,317949.0
2017-12-22,3,815,INR,73381,552012.0
2019-02-12,4,1000,INR,99132,449619.0
2018-09-10,1,0,INR,31283,516388.0
2017-12-27,1,83,INR,27684,105683.0
2018-11-30,1,2741,INR,710,166885.0
2019-08-02,1,111,INR,71830,546916.0
2018-05-04,3,1940,INR,34292,489986.0
2019-04-03,1,3060,INR,49670,102217.0
2019-08-20,3,787,INR,6784,459322.0
2019-06-25,3,384,INR,99077,488202.0
2018-05-11,105,35880,INR,17914,99398.0
2018-03-20,1,93,INR,89481,224354.0
2018-01-10,1,190,INR,97705,520078.0
2020-02-10,1,477,INR,42750,250286.0
2020-04-16,373,23741,INR,24865,526604.0
2019-02-13,9,17148,INR,98198,260786.0
2019-02-26,1,389,INR,59362,204693.0
2018-04-16,2,1991,INR,68513,59927.0
2020-02-14,1,569,INR,43891,521761.0
2018-12-18,1,269,INR,72275,356661.0
2018-10-04,3,773,INR,96483,411701.0
2018-02-20,27,3120,INR,64401,365804.0
2019-04-04,1,167,INR,25405,530908.0
