Restaurant_id,Name,Country,City,Rating,Rating_count,Cuisine,Cuisine.1
180592,Biryani handi ghar,India,Patna,2.5,20+ ratings,Biryani,Biryani
419323,Commons Corner,India,"Electronic City,Bangalore",,Too Few Ratings,"Beverages,Snacks","Beverages,Snacks"
244057,AB Restaurant,India,Jhalawar,,Too Few Ratings,Fast Food,Fast Food
43231,Wat-A-Burger! - India ka Burger,India,"Chattarpur,Delhi",4.0,500+ ratings,"Fast Food,American","Fast Food,American"
421614,OYE PATIALA ON THE ROCKS,India,"Himayath Nagar,Hyderabad",,Too Few Ratings,"Beverages,Snacks","Beverages,Snacks"
10576,Pizza Hut,India,"Koramangala,Bangalore",3.9,100+ ratings,"Pizzas,Fast Food","Pizzas,Fast Food"
531233,ROBIN S CLOUD KITCHEN,India,"Salt Lake,Kolkata",,Too Few Ratings,"Asian,Fast Food","Asian,Fast Food"
466049,Shanghai Valley - The Chinese Gourmet,India,Sirsa,3.9,50+ ratings,"Chinese,Thai","Chinese,Thai"
327155,Rodrigues Fast Food And Snacks Corner,India,Central-goa,3.8,20+ ratings,"Chinese,Goan","Chinese,Goan"
120900,Kitchen King Restaurant,India,"Banjara Hills,Hyderabad",3.3,50+ ratings,Indian,Indian
541658,Delilah's Cafe,India,"Dilshad Gardens,Delhi",,Too Few Ratings,"Italian,Salads","Italian,Salads"
66806,Habibi Falafel,India,"Koramangala,Bangalore",4.2,100+ ratings,"Mediterranean,Lebanese","Mediterranean,Lebanese"
478552,Bake fresh,India,Bikaner,,Too Few Ratings,Bakery,Bakery
212173,K Haji Biryani,India,"Salt Lake,Kolkata",3.4,20+ ratings,"Beverages,Indian","Beverages,Indian"
319609,PIZZA JUNCTION,India,"NIT_FBD,Gurgaon",,Too Few Ratings,"Pizzas,Snacks","Pizzas,Snacks"
43104,The schezwan Chef,India,"Indirapuram,Delhi",4.0,100+ ratings,"Chinese,Thai","Chinese,Thai"
481774,Peppy Parathas & Rolls By Chai Point,India,"Jayanagar,Bangalore",,Too Few Ratings,"Bakery,Beverages","Bakery,Beverages"
482055,GoodYum,India,Sirsa,,Too Few Ratings,"Snacks,Fast Food","Snacks,Fast Food"
411323,My Nutrichef,India,"Mysore North,Mysore",,Too Few Ratings,"Healthy Food,Indian","Healthy Food,Indian"
296454,Indian Food Express,India,"Indirapuram,Delhi",,Too Few Ratings,"Indian,Chinese","Indian,Chinese"
575513,Love At First Bite,India,Bikaner,,Too Few Ratings,"Bakery,Desserts","Bakery,Desserts"
55927,Northeast Kitchen,India,"GTB Nagar,Delhi",3.9,20+ ratings,"Naga,Chinese","Naga,Chinese"
455087,COFFEE O' KOBITA & MR. BURGER,India,"Burrabazar,Kolkata",,Too Few Ratings,"American,Pastas","American,Pastas"
435673,Behrouz Biryani,India,Amritsar,4.0,100+ ratings,"Biryani,Mughlai","Biryani,Mughlai"
332483,5 Star Pizza,India,Bulandshahr,,Too Few Ratings,"Pizzas,Fast Food","Pizzas,Fast Food"
166931,hotel famous,India,"PCMC,Pune",3.3,20+ ratings,"North Indian,Chinese","North Indian,Chinese"
446106,sukoon cafe,India,"Aliganj,Lucknow",,Too Few Ratings,Beverages,Beverages
387975,KITOS PIZZA,India,"Airoli,Mumbai",,Too Few Ratings,"Pizzas,Pastas","Pizzas,Pastas"
67150,Iyer's Delight - Virugambakkam,India,"Vadapalani,Chennai",4.4,1K+ ratings,South Indian,South Indian
159219,Chanderlok Hotel & Restaurant,India,Sri-ganganagar,3.5,50+ ratings,"North Indian,Desserts","North Indian,Desserts"
548934,Artiste Handcrafted Ice Cream,India,"South Tukoganj,Indore",4.9,20+ ratings,"Ice Cream,Desserts","Ice Cream,Desserts"
378840,INDIAN SPICY,India,North-goa,4.6,20+ ratings,"Indian,South Indian","Indian,South Indian"
486997,SWADISHT PIZZA POINT,India,"Indirapuram,Delhi",,Too Few Ratings,"Pizzas,American","Pizzas,American"
556601,Champarwala,India,"Indirapuram,Delhi",,Too Few Ratings,"North Indian,Indian","North Indian,Indian"
466765,BIRIYANI PUB,India,"Rajarhat,Kolkata",,Too Few Ratings,"Biryani,Chinese","Biryani,Chinese"
421299,Alankar Family restaurant,India,Tanuku,3.6,50+ ratings,South Indian,South Indian
51753,Everbake,India,"Punjabi Bagh,Delhi",4.1,1K+ ratings,"North Indian,Snacks","North Indian,Snacks"
55947,Raju Omelette,India,"Vastrapur,Ahmedabad",,Too Few Ratings,Snacks,Snacks
503870,Prabhu Cool Parlour,India,Jamnagar,,Too Few Ratings,"Desserts,Snacks","Desserts,Snacks"
515229,Minus30,India,"Alipore,Kolkata",,Too Few Ratings,"Ice Cream,Desserts","Ice Cream,Desserts"
413882,Wok & Roll,India,"sohna road,Gurgaon",,Too Few Ratings,"Chinese,Indian","Chinese,Indian"
545955,MISAL HUB,India,"Vashi,Mumbai",,Too Few Ratings,"Street Food,Snacks","Street Food,Snacks"
138575,Bharani hotel,India,"Ambattur,Chennai",3.7,20+ ratings,South Indian,South Indian
349886,Hyderabad Chorasta Biryani,India,"Dwarka Nagar,Vizag",3.1,50+ ratings,"Biryani,Chinese","Biryani,Chinese"
576721,Virescent Cafe,India,"Naranpura,Ahmedabad",,Too Few Ratings,"Cafe,Indian","Cafe,Indian"
267214,Wangchuk's Ladakhi & Tibetan Kitchen (Original),India,Bikaner,4.0,50+ ratings,"Tibetan,Chinese","Tibetan,Chinese"
495781,Ambur Dum Biryani,India,"Basaveshwaranagar,Bangalore",,Too Few Ratings,"Biryani,Indian","Biryani,Indian"
480609,SHARE CHAI,India,"Central Kolkata,Kolkata",,Too Few Ratings,"Beverages,Fast Food","Beverages,Fast Food"
1934,Rolls Mania,India,"Powai,Mumbai",4.1,100+ ratings,Fast Food,Fast Food
488654,Potli Drive In Restaurant,India,"Vijay Nagar,Indore",,Too Few Ratings,"North Indian,Biryani","North Indian,Biryani"
486129,Cafe Corner,India,Kopargaon,,Too Few Ratings,Snacks,Snacks
334774,Wok and curry,India,Noida-1,,Too Few Ratings,"Chinese,Fast Food","Chinese,Fast Food"
430520,Tea Time,India,"Padur,Chennai",4.5,50+ ratings,"Beverages,Ice Cream","Beverages,Ice Cream"
572670,THE CHOCOLATE STORY,India,"Central Kolkata,Kolkata",,Too Few Ratings,"Bakery,Desserts","Bakery,Desserts"
547525,Hotel Saravana,India,"Porur,Chennai",,Too Few Ratings,"South Indian,Indian","South Indian,Indian"
409983,Spring Bakers and Food Court,India,Bodhan-rural,3.8,100+ ratings,"Chinese,Chaat","Chinese,Chaat"
528918,Rice Bowls Tandoori & Combos,India,"Kanakapura Road,Bangalore",4.8,20+ ratings,"Indian,Chinese","Indian,Chinese"
135966,Al Tazaj,India,Meerut,3.1,50+ ratings,"North Indian,Mughlai","North Indian,Mughlai"
268863,The Tibetan Cuisine,India,"Chinar Park,Kolkata",4.1,100+ ratings,Tibetan,Tibetan
371685,Why Not Eggs,India,"Wagholi,Pune",,Too Few Ratings,Continental,Continental
263781,Pure Veg Meals by Lunchbox,India,"Raj Nagar,Noida",,Too Few Ratings,"North Indian,Desserts","North Indian,Desserts"
7928,Eagle Boys Pizza,India,"Karappakam,Chennai",3.1,50+ ratings,"Italian,Pizzas","Italian,Pizzas"
381452,Goli Vada Pav No .1,India,"Indiranagar,Bangalore",4.0,50+ ratings,"Maharashtrian,North Indian","Maharashtrian,North Indian"
174535,Sholoana Bangali,India,"Behala,Kolkata",4.3,100+ ratings,"Bengali,Indian","Bengali,Indian"
28741,Carpediem,India,"Sector-14,Gurgaon",,Too Few Ratings,Bakery,Bakery
10772,Pishu's,India,"Powai,Mumbai",3.8,100+ ratings,"Beverages,Healthy Food","Beverages,Healthy Food"
495836,Signature Cafe And Fast Food,India,Hindaun,3.4,20+ ratings,"Fast Food,North Indian","Fast Food,North Indian"
39533,The Fat Filler Burgers,India,"Burrabazar,Kolkata",4.3,20+ ratings,"Continental,American","Continental,American"
396053,DSM Rice Bowl And Biryani,India,"Miyapur,Hyderabad",,Too Few Ratings,Indian,Indian
154099,Prakashi Pizza,India,Budaun,3.5,100+ ratings,"Pizzas,Italian-American","Pizzas,Italian-American"
261905,Zeeshan - Apna Hyderabadi Food,India,"Hinjewadi,Pune",3.8,500+ ratings,"Biryani,North Indian","Biryani,North Indian"
253871,Idly Aunty,India,"Lake Town,Kolkata",4.0,100+ ratings,South Indian,South Indian
80603,Cake Spot,India,"sohna road,Gurgaon",,Too Few Ratings,Desserts,Desserts
449273,Mad Over Donuts,India,"Kadugodi,Bangalore",3.7,20+ ratings,Desserts,Desserts
558097,JAY BHAWANI TEA STALL AND SNACKS CENTER,India,"Aundh,Pune",,Too Few Ratings,"Chaat,Fast Food","Chaat,Fast Food"
284331,THE BELGIAN WAFFLE HUT,India,"Madipakkam,Chennai",,Too Few Ratings,Continental,Continental
155851,Nation 26,India,Khanna,,Too Few Ratings,"Snacks,Chinese","Snacks,Chinese"
568044,O CAKES MULUND EAST,India,"Mulund,Mumbai",,Too Few Ratings,"Bakery,Desserts","Bakery,Desserts"
43857,A2B Veg,India,"Battarahalli,Bangalore",4.0,1K+ ratings,"South Indian,North Indian","South Indian,North Indian"
137348,dhaba cash and curry,India,"Vasant Kunj,Delhi",,Too Few Ratings,North Indian,North Indian
548968,ICE PARLOUR,India,"Zirakpur,Chandigarh",,Too Few Ratings,"North Indian,Snacks","North Indian,Snacks"
209949,Lord Of The Wings,India,"Tambaram,Chennai",,Too Few Ratings,"American,Fast Food","American,Fast Food"
382773,TANDOORI BITE,India,"Dilshad Gardens,Delhi",,Too Few Ratings,"North Indian,Tandoor","North Indian,Tandoor"
495851,Delicious Biryani Restaurant,India,Cuttack,,Too Few Ratings,"Biryani,North Indian","Biryani,North Indian"
507090,Indian Anytime,India,"Rajarajeshwari Nagar,Bangalore",,Too Few Ratings,"Indian,Tandoor","Indian,Tandoor"
527953,Shake Dreams,India,"Nizampet & Pragathi Nagar,Hyderabad",4.2,50+ ratings,Beverages,Beverages
341401,ebowl,India,"Alipore,Kolkata",4.2,100+ ratings,"Indian,Chinese","Indian,Chinese"
539314,QUEENS TEA,India,Karur,,Too Few Ratings,"Beverages,Chinese","Beverages,Chinese"
545526,CELEBRATION 365,India,"Hinjewadi,Pune",,Too Few Ratings,"Bakery,Snacks","Bakery,Snacks"
262383,The Idli Express,India,Muzaffarpur,3.5,100+ ratings,"Beverages,Desserts","Beverages,Desserts"
232420,Lord Of the Quisines,India,Noida-1,,Too Few Ratings,"North Indian,Street Food","North Indian,Street Food"
156075,The Good Bowl,India,Faridabad,3.8,20+ ratings,"North Indian,Punjabi","North Indian,Punjabi"
500739,Masala Darbaar,India,Amritsar,,Too Few Ratings,"North Indian,Chinese","North Indian,Chinese"
82497,Saundarya Restaurant,India,"Mulund,Mumbai",4.3,50+ ratings,"South Indian,Indian","South Indian,Indian"
178516,Bhai Ji Shawarma,India,Bikaner,4.3,1K+ ratings,North Indian,North Indian
502617,KAKA CHAI BISKOOT & FAST FOOD CENTER,India,"Miyapur,Hyderabad",,Too Few Ratings,Chinese,Chinese
114650,Dhokla House,India,Bikaner,3.7,50+ ratings,"Gujarati,Desserts","Gujarati,Desserts"
347107,Night Fever Food Point,India,"Rohini,Delhi",,Too Few Ratings,"Beverages,Chinese","Beverages,Chinese"
525269,BAJAJ ICE - CREAM & SHAKES,India,Karnal,,Too Few Ratings,"Desserts,Fast Food","Desserts,Fast Food"
468842,Agra Chat Bhandar,India,Hoshangabad,,Too Few Ratings,Snacks,Snacks
103881,Kebabs & Curries,India,"Piplod,Surat",4.4,100+ ratings,"Chinese,North Indian","Chinese,North Indian"
203131,JAKAAS PIZZA ZONE,India,"Arekere,Bangalore",,Too Few Ratings,"Bengali,Punjabi","Bengali,Punjabi"
201937,Cake Hub,India,Balaghat,,Too Few Ratings,Bakery,Bakery
455595,The Mughlai Tawa,India,Noida-1,3.9,50+ ratings,"North Indian,Indian","North Indian,Indian"
8309,Meat and Eat,India,"ECR-Kottivakkam,Chennai",3.9,100+ ratings,Fast Food,Fast Food
452968,JOY MART BAKERY,India,Kumarakom,4.2,20+ ratings,"Bakery,Beverages","Bakery,Beverages"
139910,Coffee Beans,India,Pali,3.9,50+ ratings,"Continental,Fast Food","Continental,Fast Food"
163387,Kaka Bakery,India,Bhiwani,,Too Few Ratings,Bakery,Bakery
559314,WOK IN FAST FOOD,India,"Vashi,Mumbai",,Too Few Ratings,"Fast Food,Chinese","Fast Food,Chinese"
357471,PURANI DILLI BIRYANI,India,"Rohini,Delhi",,Too Few Ratings,"Indian,Chinese","Indian,Chinese"
458401,H.KGN Caterers,India,"Bhosari,Pune",,Too Few Ratings,Biryani,Biryani
377677,Prashanth Gowdru Badoota,India,"Arekere,Bangalore",4.1,50+ ratings,"Indian,Tandoor","Indian,Tandoor"
415054,Silk Route,India,"South Chd,Chandigarh",,Too Few Ratings,"Chinese,Asian","Chinese,Asian"
521353,Dev's kitchen,India,"Malviya Nagar,Delhi",,Too Few Ratings,"Chinese,North Indian","Chinese,North Indian"
311447,Gupta Cake & Pastry,India,Aurangabad_bihar,3.8,20+ ratings,Desserts,Desserts
377315,RocoMamas,India,"Kalyani Nagar,Pune",4.4,100+ ratings,American,American
376678,Kovalam,India,"Indiranagar,Bangalore",,Too Few Ratings,"Kerala,South Indian","Kerala,South Indian"
502433,Rockers Pizza,India,"Raj Nagar,Noida",,Too Few Ratings,"Pizzas,American","Pizzas,American"
447839,Aaina,India,"Koregaon Park,Pune",,Too Few Ratings,"North Indian,Biryani","North Indian,Biryani"
119569,Ruchi Beverages,India,"Paldi & Ambawadi,Ahmedabad",,Too Few Ratings,Bakery,Bakery
281572,AYSWARIYA HOTEL,India,Thiruvananthapuram,4.2,100+ ratings,"Biryani,Kerala","Biryani,Kerala"
348469,Thali Meals,India,"Manish Nagar,Nagpur",2.6,20+ ratings,"Thalis,Indian","Thalis,Indian"
457789,Snaxx,India,"Madipakkam,Chennai",,Too Few Ratings,"Desserts,Snacks","Desserts,Snacks"
532885,JOSHI'S KITCHEN,India,"Kothrud,Pune",4.0,50+ ratings,"North Indian,South Indian","North Indian,South Indian"
469941,Sainath Khanaval,India,"Bibwewadi,Pune",4.4,20+ ratings,"North Indian,Thalis","North Indian,Thalis"
506673,Cake Bakery Banda,India,Banda,,Too Few Ratings,"Bakery,Fast Food","Bakery,Fast Food"
266212,HOT SPOT PIZZA (YOUR TASTE YOUR CHOICE),India,"Raj Nagar,Noida",,Too Few Ratings,Pizzas,Pizzas
164065,Raj Sweets,India,"Gandhibagh,Nagpur",,Too Few Ratings,Sweets,Sweets
30908,Natural Ice Cream,India,"Powai,Mumbai",4.7,500+ ratings,Desserts,Desserts
554862,AVARYA FLAVORS OF INDIA,India,"Bandra West,Mumbai",,Too Few Ratings,"Bakery,Sweets","Bakery,Sweets"
497124,Shiv Chinese And Punjabi Food,India,"Gandhinagar,Ahmedabad",,Too Few Ratings,"Chinese,Indian","Chinese,Indian"
17819,KFC,India,"T Nagar,Chennai",4.2,500+ ratings,"American,Snacks","American,Snacks"
339497,Drunken Monkey,India,"Porur,Chennai",4.2,50+ ratings,"Healthy Food,Beverages","Healthy Food,Beverages"
463932,MOONLIGHT CAFE,India,Faridabad,,Too Few Ratings,"Snacks,Pizzas","Snacks,Pizzas"
187857,Blue Heaven Restaurant,India,Nabadwip,4.1,100+ ratings,"North Indian,Chinese","North Indian,Chinese"
444187,Quality Food Cafe - QFC,India,Visnagar,,Too Few Ratings,Italian,Italian
31300,Pizza Street,India,"Airoli,Mumbai",3.3,20+ ratings,"Pizzas,Fast Food","Pizzas,Fast Food"
90316,Kapila Chinese & Fast Food,India,"Nigdi,Pune",4.0,50+ ratings,Chinese,Chinese
407998,Social Kitchen,India,Central-goa,,Too Few Ratings,"Indian,Chinese","Indian,Chinese"
75744,Havmor Havfunn ice cream,India,"Rajouri Garden,Delhi",4.4,100+ ratings,"Ice Cream,Ice Cream Cakes","Ice Cream,Ice Cream Cakes"
383849,MOMOGOGO,India,"Greater Kailash New,Delhi",4.1,20+ ratings,"Chinese,Tibetan","Chinese,Tibetan"
407632,MAD OVER MUNCHIES,India,Trichy,4.1,50+ ratings,"Chinese,Continental","Chinese,Continental"
52437,Alreef,India,"George Town,Chennai",4.1,100+ ratings,"North Indian,Chinese","North Indian,Chinese"
480515,Madogiri's Pizzeria,India,"Hathibarkala,Dehradun",,Too Few Ratings,"Pizzas,Pastas","Pizzas,Pastas"
12717,Hunger's Delight,India,"Dilshad Gardens,Delhi",4.2,20+ ratings,"North Indian,Tandoor","North Indian,Tandoor"
251691,Shiv Shakti Punjabi Khana,India,"Vadiwadi,Vadodara",3.2,20+ ratings,"Indian,North Indian","Indian,North Indian"
49248,Faasos - Wraps & Rolls,India,"Wagholi,Pune",4.1,100+ ratings,"Fast Food,Snacks","Fast Food,Snacks"
76561,Aaswad Pure Veg,India,Aurangabad,4.1,50+ ratings,"North Indian,Chinese","North Indian,Chinese"
22287,Flavors,India,"Vashi,Mumbai",,Too Few Ratings,"North Indian,Continental","North Indian,Continental"
170750,Jodhpur Sweets Home and Fast Food,India,Jhunjhunu,3.6,20+ ratings,Desserts,Desserts
412806,Bebe Frio,India,"Vijay Nagar,Indore",,Too Few Ratings,Snacks,Snacks
393015,Marshmello Cafe & Restro,India,Bareilly,3.8,50+ ratings,"North Indian,Chinese","North Indian,Chinese"
130519,Zaatar,India,"Tambaram,Chennai",4.2,100+ ratings,"South Indian,Indian","South Indian,Indian"
182321,Flavour Restaurant,India,Bharabanki,4.0,20+ ratings,"North Indian,Chinese","North Indian,Chinese"
521326,Biriyani Palace Chingavanam,India,Kottayam,3.8,50+ ratings,Biryani,Biryani
481499,Yoana Treat,India,Karaikkudi,,Too Few Ratings,"Biryani,Chinese","Biryani,Chinese"
341855,Kitchen House,India,Aurangabad_bihar,,Too Few Ratings,"Chinese,Indian","Chinese,Indian"
473085,Mehrouz Kitchen,India,"Mulund,Mumbai",3.8,50+ ratings,Italian,Italian
249548,SPICEBURG,India,Noida-1,4.5,20+ ratings,"Beverages,Chinese","Beverages,Chinese"
262521,Fresh Juice Fooperis,India,"Purasawalkam,Chennai",3.4,20+ ratings,Indian,Indian
191322,MGM Kharanika Mess,India,Thanjavur,3.4,20+ ratings,"Biryani,Chinese","Biryani,Chinese"
371601,Hotel Fish Land,India,"Wagholi,Pune",,Too Few Ratings,"North Indian,Biryani","North Indian,Biryani"
480374,Hungry Hub,India,Mahbubnagar,2.8,20+ ratings,"Pizzas,Fast Food","Pizzas,Fast Food"
71471,The Glorious Restaurant,India,"Adajan,Surat",4.3,1K+ ratings,"North Indian,Chinese","North Indian,Chinese"
566196,Faasos' Signature Wraps & Rolls,India,"Porur,Chennai",,Too Few Ratings,"Snacks,Beverages","Snacks,Beverages"
487627,Pauravi's Pure Veg Kitchen,India,"Hinjewadi Phase-3,Pune",,Too Few Ratings,Indian,Indian
544159,Green chillie restaurant,India,"Ghatlodia,Ahmedabad",,Too Few Ratings,"North Indian,Indian","North Indian,Indian"
147151,Calcutta Plus,India,"Pimple Saudagar,Pune",3.5,20+ ratings,"Bengali,North Indian","Bengali,North Indian"
481478,The Biryani Life,India,Palakkad,3.6,20+ ratings,"Italian,Mexican","Italian,Mexican"
481759,SHIVA CAFE,India,"Padur,Chennai",,Too Few Ratings,"Beverages,Fast Food","Beverages,Fast Food"
467559,Wok'n Roll Asian Kitchen,India,"sohna road,Gurgaon",,Too Few Ratings,"Indian,Chinese","Indian,Chinese"
14881,Shahji's Parantha House (Laxmi Road),India,"Swargate,Pune",4.1,100+ ratings,North Indian,North Indian
509896,Naidu Gari Kunda Biryani,India,Rajahmundry,3.8,100+ ratings,"Chinese,Indian","Chinese,Indian"
410806,HUNGRY HEALTH,India,Muzaffarnagar,,Too Few Ratings,Indian,Indian
429779,Hyderabad Biryani,India,"Marathahalli,Bangalore",,Too Few Ratings,"Biryani,North Indian","Biryani,North Indian"
10353,Food Fieszta,India,"Velachery,Chennai",4.3,50+ ratings,"North Indian,Chinese","North Indian,Chinese"
576021,Go Zero - Guilt Free Ice Creams,India,"Viman Nagar,Pune",,Too Few Ratings,"Ice Cream,Desserts","Ice Cream,Desserts"
154873,Hotel Siddharth,India,Chandrapur,3.5,20+ ratings,"North Indian,Chinese","North Indian,Chinese"
116562,Nanjil Briyani Court Road,India,Nagercoil,3.7,20+ ratings,"South Indian,Chinese","South Indian,Chinese"
353197,Biryani House (Serving Authentic Indian),India,"GTB Nagar,Delhi",3.7,100+ ratings,"Biryani,North Indian","Biryani,North Indian"
86795,Bareilly Vah-G-Vah,India,Bareilly,4.0,20+ ratings,"North Indian,Chinese","North Indian,Chinese"
446285,Delicious Bites,India,"Wagholi,Pune",,Too Few Ratings,"Bakery,Snacks","Bakery,Snacks"
571565,Lajiz Biryani House,India,"Bhosari,Pune",,Too Few Ratings,Biryani,Biryani
439363,pizza bite,India,"Vasai,Mumbai",,Too Few Ratings,Pizzas,Pizzas
474055,Mulbagal Dosa Corner,India,"Mysore North,Mysore",4.4,100+ ratings,South Indian,South Indian
375668,9 Nomadic Eats,India,"sohna road,Gurgaon",4.0,20+ ratings,"Continental,Chinese","Continental,Chinese"
391202,Raja Restaurant,India,Erode,4.2,50+ ratings,South Indian,South Indian
222401,Daawat Inn-Mumbaiwala,India,"Adajan,Surat",4.1,1K+ ratings,"Chinese,Mughlai","Chinese,Mughlai"
420998,Refresh Eat & Drink,India,Bhopal,3.2,20+ ratings,"Pizzas,Italian","Pizzas,Italian"
454898,PIZZA SLICE,India,"Old Gurgaon (Zone 6),Gurgaon",,Too Few Ratings,Pizzas,Pizzas
480935,Big Little Bombaye,India,"Vasai,Mumbai",,Too Few Ratings,"American,Beverages","American,Beverages"
32651,Cravity,India,Sultanpur,,Too Few Ratings,"Italian,American","Italian,American"
484567,AB s Family Restaurants,India,"Wakad,Pune",,Too Few Ratings,Juices,Juices
517143,Double scoop,India,Udaipur,,Too Few Ratings,"Ice Cream,Desserts","Ice Cream,Desserts"
531429,Hunger eats,India,"Mehdipatnam,Hyderabad",4.7,20+ ratings,"Chinese,Snacks","Chinese,Snacks"
94155,Mayur Pan House,India,"Begumpet,Hyderabad",4.2,100+ ratings,"Beverages,Pizzas","Beverages,Pizzas"
546906,FOODIE' DEN,India,Ranchi,,Too Few Ratings,"Indian,Chinese","Indian,Chinese"
362437,UDUPI VEG,India,"Whitefield,Bangalore",3.9,50+ ratings,South Indian,South Indian
519946,Delhi Junction Family Restaurant,India,"Aliganj,Lucknow",,Too Few Ratings,South Indian,South Indian
478999,Absolute Momo Cafe,India,"Kadugodi,Bangalore",3.2,20+ ratings,Chinese,Chinese
98341,Zaika (Malahi pakdi),India,Patna,2.8,20+ ratings,"Indian,Chinese","Indian,Chinese"
110290,Station Kulcha Bar,India,Bathinda,3.8,100+ ratings,Fast Food,Fast Food
430620,Joey's pizza express delivery,India,"Indiranagar,Bangalore",4.2,20+ ratings,Italian,Italian
419808,MOHIT BAKERY Bakes  Cakes,India,"Chattarpur,Delhi",,Too Few Ratings,"Bakery,Snacks","Bakery,Snacks"
320569,Makhni Brothers,India,"Vijay Nagar,Indore",3.5,100+ ratings,"North Indian,Kebabs","North Indian,Kebabs"
79924,Bharawan Da Dhaba,India,Amritsar,4.0,100+ ratings,"North Indian,Snacks","North Indian,Snacks"
534998,Bombay Dhaba,India,Faridabad,,Too Few Ratings,"North Indian,Chinese","North Indian,Chinese"
475286,India Sweet House,India,"Yelahanka,Bangalore",4.4,20+ ratings,Bakery,Bakery
576631,Bombay Kulfi,India,"Geddalahalli,Bangalore",,Too Few Ratings,"Ice Cream,Sweets","Ice Cream,Sweets"
450124,1522 - The Pub,India,"Koramangala,Bangalore",4.0,20+ ratings,"Chinese,Indian","Chinese,Indian"
516892,Bikaler Adda,India,Jalpaiguri,3.2,50+ ratings,"North Indian,Snacks","North Indian,Snacks"
561164,Cake Fantasy,India,"Mogappair,Chennai",,Too Few Ratings,Bakery,Bakery
24275,Sanskriti Foods,India,Noida-1,4.0,500+ ratings,"Indian,Chinese","Indian,Chinese"
440370,Evolve Eaters,India,"Gajuwaka,Vizag",4.1,20+ ratings,Salads,Salads
70366,Garg Chaat,India,"East Chd,Chandigarh",4.1,100+ ratings,Chaat,Chaat
389675,Urban Vada Pav,India,"Indira Nagar,Lucknow",4.2,100+ ratings,"Fast Food,Snacks","Fast Food,Snacks"
434947,JustBBQ Restro,India,Diu,3.4,20+ ratings,"Chinese,Barbecue","Chinese,Barbecue"
503960,Eagle Boys Pizzeria & Cafe,India,"Pimple Saudagar,Pune",3.7,20+ ratings,"Pizzas,Fast Food","Pizzas,Fast Food"
521145,Banna Ji Food Court,India,"sohna road,Gurgaon",,Too Few Ratings,"North Indian,Chinese","North Indian,Chinese"
426919,HARITAM,India,Pondicherry,4.4,500+ ratings,South Indian,South Indian
251533,Cake Mania,India,Kota,,Too Few Ratings,Bakery,Bakery
295512,Jamun,India,"Khan Market,Delhi",4.2,20+ ratings,"Goan,Hyderabadi","Goan,Hyderabadi"
568756,MESBAN RESTURANT,India,"Thrippunithura,Kochi",,Too Few Ratings,"North Indian,Chinese","North Indian,Chinese"
527530,LAATOES FOODS,India,"Raj Nagar,Noida",,Too Few Ratings,"North Indian,Snacks","North Indian,Snacks"
191458,The Shake Company,India,"Kammanahalli/Kalyan Nagar,Bangalore",,Too Few Ratings,"Healthy Food,American","Healthy Food,American"
234399,Panchwati Restaurant,India,Betul,3.2,20+ ratings,"Chinese,North Indian","Chinese,North Indian"
482818,VEETU UNAVAGAM,India,Kumbakonam,,Too Few Ratings,South Indian,South Indian
327250,INOX,India,Kolhapur,,Too Few Ratings,Snacks,Snacks
439965,BISTRO BITES,India,"Banjara Hills,Hyderabad",,Too Few Ratings,"Pizzas,American","Pizzas,American"
140668,Sri Vaari Fairlands,India,Salem,4.0,500+ ratings,"South Indian,Biryani","South Indian,Biryani"
30887,Natural Ice Cream,India,"Matunga Wadala,Mumbai",4.6,100+ ratings,Desserts,Desserts
422938,Thattakam Malabar Restaurant,India,"Chattarpur,Delhi",3.9,100+ ratings,"South Indian,Snacks","South Indian,Snacks"
126815,Jay Ambey Farshan,India,"Piplod,Surat",,Too Few Ratings,Gujarati,Gujarati
389879,Jai Dhanlaxmi Chinese Fast Food & Dhaba,India,"Himayath Nagar,Hyderabad",,Too Few Ratings,"Chinese,North Indian","Chinese,North Indian"
508701,Momo Kitchen,India,Adityapur,,Too Few Ratings,"Chinese,Snacks","Chinese,Snacks"
490128,Foodies Hub,India,"Chukkuwala,Dehradun",,Too Few Ratings,"Chinese,Street Food","Chinese,Street Food"
551057,Jay Gajanan Kachori,India,"Bavdhan,Pune",,Too Few Ratings,Snacks,Snacks
346387,V Cafe - Meals By PVR,India,Noida-1,,Too Few Ratings,"Pizzas,Snacks","Pizzas,Snacks"
559216,Ritesh Tiffin Services,India,"Bibwewadi,Pune",,Too Few Ratings,"Maharashtrian,Indian","Maharashtrian,Indian"
325483,ROTTI MANE,India,"Arekere,Bangalore",4.2,100+ ratings,Indian,Indian
401645,Havmor Havfunn ice cream,India,"Mogappair,Chennai",,Too Few Ratings,"Ice Cream,Ice Cream Cakes","Ice Cream,Ice Cream Cakes"
361914,M/s Laiba Chinese,India,Sambalpur,,Too Few Ratings,Chinese,Chinese
359829,China Grill Express,India,"Viman Nagar,Pune",,Too Few Ratings,"Chinese,North Indian","Chinese,North Indian"
411671,CAFE CURRY,India,"OMR Perungudi,Chennai",,Too Few Ratings,"Indian,Italian","Indian,Italian"
66909,Cream Stone Ice Cream,India,"Dwarka Nagar,Vizag",4.3,500+ ratings,"Ice Cream,Desserts","Ice Cream,Desserts"
416722,KAIFAN HOTEL,India,Thodupuzha,4.4,100+ ratings,"South Indian,Kerala","South Indian,Kerala"
514223,Shero Home Food - Chettinad,India,"Perambur,Chennai",4.1,20+ ratings,"South Indian,Chettinad","South Indian,Chettinad"
337564,CHOPRA CHICKEN,India,"East Chd,Chandigarh",,Too Few Ratings,Indian,Indian
110328,Hotel Patlacha wada,India,Kolhapur,3.6,20+ ratings,"Maharashtrian,Indian","Maharashtrian,Indian"
436502,MOMO BURGER JOINT,India,"Marathahalli,Bangalore",,Too Few Ratings,"Chinese,Fast Food","Chinese,Fast Food"
407904,Mris Cup Cake,India,"Kadugodi,Bangalore",,Too Few Ratings,Desserts,Desserts
293864,God s Own Kitchen - 100% Veg Food,India,"Vashi,Mumbai",,Too Few Ratings,"Indian,Beverages","Indian,Beverages"
34715,Kok Pa Chinese,India,"Shivaji Nagar,Pune",4.0,100+ ratings,"Chinese,Asian","Chinese,Asian"
516650,Piece of Cake,India,"Indira Nagar,Lucknow",,Too Few Ratings,"Bakery,Snacks","Bakery,Snacks"
369513,Green Beach restaurant,India,Sikar,4.2,20+ ratings,"Fast Food,North Indian","Fast Food,North Indian"
562375,shah shawarma,India,"Mehdipatnam,Hyderabad",,Too Few Ratings,Arabian,Arabian
519483,3Kaal Tiffins LLP,India,Aurangabad,,Too Few Ratings,"Desserts,Ice Cream","Desserts,Ice Cream"
437711,Gobblers Rolls & Bowls,India,"Viman Nagar,Pune",,Too Few Ratings,"North Indian,Chinese","North Indian,Chinese"
82296,Sandy's Tiny & Tasty,India,"Indira Nagar,Lucknow",4.2,50+ ratings,"North Indian,Chinese","North Indian,Chinese"
436158,Rajasthani Rasoi,India,"Old Gurgaon (Zone 6),Gurgaon",,Too Few Ratings,Indian,Indian
531498,YOUR 2ND WIFE,India,"Old Gurgaon (Zone 6),Gurgaon",3.9,50+ ratings,"North Indian,Chinese","North Indian,Chinese"
312911,McDonald's Gourmet Burger Collection,India,"Kammanahalli/Kalyan Nagar,Bangalore",4.0,50+ ratings,"Burgers,Beverages","Burgers,Beverages"
98017,I.K Caterer's Biryani,India,"Kharadi,Pune",,Too Few Ratings,"North Indian,Biryani","North Indian,Biryani"
572209,NAADBRAMHA IDLI,India,"PCMC,Pune",,Too Few Ratings,South Indian,South Indian
569344,Devyai Foods,India,"Nigdi,Pune",,Too Few Ratings,"North Indian,Thalis","North Indian,Thalis"
446467,Creamy Way,India,"KK Nagar,Chennai",,Too Few Ratings,Ice Cream,Ice Cream
177367,Velmurugan Restaurant,India,Krishnagiri,3.8,100+ ratings,"South Indian,North Indian","South Indian,North Indian"
531785,Banarasi kitchen,India,"Gomti Nagar,Lucknow",,Too Few Ratings,"North Indian,Indian","North Indian,Indian"
251841,Teekha Fast food And Family Restaurant,India,Varanasi,,Too Few Ratings,North Indian,North Indian
434948,Pizza Heart,India,Kotdwar,,Too Few Ratings,"Pizzas,Snacks","Pizzas,Snacks"
341667,CRISPY PARANTHAS,India,Noida-1,,Too Few Ratings,"North Indian,Chinese","North Indian,Chinese"
501125,Paris Waffle Co.,India,"Powai,Mumbai",4.4,20+ ratings,"Bakery,Desserts","Bakery,Desserts"
411975,Fun Bytes - Rehari Colony,India,Jammu,3.5,20+ ratings,Continental,Continental
425871,Kokan vaibhav,India,"Hinjewadi,Pune",,Too Few Ratings,Konkan,Konkan
309687,Rich Table,India,Hisar,4.0,20+ ratings,"Pizzas,Italian-American","Pizzas,Italian-American"
569097,The White,India,Bhopal,,Too Few Ratings,"North Indian,Chinese","North Indian,Chinese"
573579,Dadi Maa Ke Laddu,India,"Indira Nagar,Lucknow",,Too Few Ratings,Sweets,Sweets
570008,Grilley's Burger,India,"Arekere,Bangalore",,Too Few Ratings,"Burgers,Snacks","Burgers,Snacks"
492742,cafe aroma beans,India,Bikaner,,Too Few Ratings,"Beverages,Italian","Beverages,Italian"
31567,JR Jana Veg Restaurant,India,"Tambaram,Chennai",4.1,1K+ ratings,"Chinese,Indian","Chinese,Indian"
577911,INDIAN MASALA,India,"Madhapur,Hyderabad",,Too Few Ratings,"Chinese,Pizzas","Chinese,Pizzas"
17097,KFC,India,"Kukatpally,Hyderabad",3.6,1K+ ratings,"American,Snacks","American,Snacks"
277498,Boodsmarks,India,Kanpur,,Too Few Ratings,"Pizzas,Chinese","Pizzas,Chinese"
561734,Cake Creations,India,Bikaner,,Too Few Ratings,Bakery,Bakery
456222,SPICY FOOD CORNER,India,Sikar,,Too Few Ratings,"Chinese,Pizzas","Chinese,Pizzas"
379796,Five Star And Koli Hut,India,"Kothapet & Dilsukhnagar,Hyderabad",,Too Few Ratings,Indian,Indian
164446,Tandoor Box,India,"Dumdum,Kolkata",4.3,500+ ratings,"Tandoor,Kebabs","Tandoor,Kebabs"
229732,Hocco Eatery,India,"Navrangpura,Ahmedabad",4.2,50+ ratings,"North Indian,Pizzas","North Indian,Pizzas"
516880,Chaat wala,India,Bhilai,,Too Few Ratings,"Chaat,Snacks","Chaat,Snacks"
184389,New India Dhaba (jubbi) Restaurant,India,Waidhan,,Too Few Ratings,"Mughlai,North Indian","Mughlai,North Indian"
561769,Slurpy Shakes,India,"Panchkula,Chandigarh",,Too Few Ratings,"Beverages,Ice Cream","Beverages,Ice Cream"
447394,MISTY FAST FOOD & BIRYANI,India,Katihar,,Too Few Ratings,"Chinese,Biryani","Chinese,Biryani"
531690,DELIGHT  CORNER,India,Ahmednagar,,Too Few Ratings,"Ice Cream,Desserts","Ice Cream,Desserts"
459633,A1 Darbar Restaurant,India,"Kondhwa,Pune",,Too Few Ratings,"North Indian,Chinese","North Indian,Chinese"
117693,Vinay Kumar Panipuri Center,India,Anantapur,,Too Few Ratings,Chaat,Chaat
569137,Takeout Cafe,India,"Greenfields_FBD,Gurgaon",,Too Few Ratings,"Cafe,American","Cafe,American"
54980,Kumar Pav Bhaji Corner,India,"Dilshad Gardens,Delhi",4.2,100+ ratings,"Snacks,Fast Food","Snacks,Fast Food"
52247,ALAM Grilled Wraps,India,"Coi_Ganapathy,Coimbatore",3.7,100+ ratings,"Snacks,Tandoor","Snacks,Tandoor"
122972,Sagar Sweet Centre,India,"Shivaji Nagar,Pune",,Too Few Ratings,Desserts,Desserts
210076,Jalaram Fastfood and Maxican,India,Bardoli,,Too Few Ratings,"Mexican,Snacks","Mexican,Snacks"
427029,Bhavani Paubhaji,India,Veraval,,Too Few Ratings,"Snacks,Indian","Snacks,Indian"
68025,Jumboking's Burgers & More,India,"Mulund,Mumbai",4.0,50+ ratings,"American,Mexican","American,Mexican"
408222,Onn Kitchen,India,Karimnagar,3.4,20+ ratings,"Chinese,Continental","Chinese,Continental"
569839,For God's Cake,India,"Mayur Vihar,Delhi",,Too Few Ratings,"Bakery,Desserts","Bakery,Desserts"
22630,Cafe Markiv's,India,"Fort Colaba,Mumbai",3.0,20+ ratings,Bakery,Bakery
431114,Golgappa King,India,"Uttam Nagar,Delhi",3.8,20+ ratings,"Chaat,Pizzas","Chaat,Pizzas"
548355,Foodies,India,"Magarpatta,Pune",,Too Few Ratings,Fast Food,Fast Food
111881,Bikaner Sweets,India,"Old Gurgaon (Zone 6),Gurgaon",3.2,100+ ratings,"North Indian,Desserts","North Indian,Desserts"
469651,Handi Biryani Co.,India,"Jasola,Delhi",,Too Few Ratings,"Biryani,North Indian","Biryani,North Indian"
389613,I Love Biryani,India,Darbhanga,,Too Few Ratings,"Biryani,Indian","Biryani,Indian"
571842,Mausi Handisala,India,Bhubaneswar,,Too Few Ratings,"Snacks,Indian","Snacks,Indian"
179230,New Abasar Restaurant,India,Habra,4.2,100+ ratings,"Indian,Chinese","Indian,Chinese"
469654,Momos Babe,India,"Jasola,Delhi",,Too Few Ratings,Chinese,Chinese
218587,Faasos - Wraps & Rolls,India,Vellore,4.0,100+ ratings,"Fast Food,Snacks","Fast Food,Snacks"
419768,BIRIYANI BUDDIES,India,"OMR Navalur,Chennai",,Too Few Ratings,"Chinese,Biryani","Chinese,Biryani"
416793,Yoga Bowl,India,"South Kolkata,Kolkata",4.1,500+ ratings,"Continental,Mexican","Continental,Mexican"
98139,Rolls Rice Cafe,India,Kolhapur,4.4,20+ ratings,Biryani,Biryani
309286,The hungry Lions,India,"Jadavpur,Kolkata",,Too Few Ratings,Chinese,Chinese
490732,Biryani In The Kilo,India,"sohna road,Gurgaon",1.4,20+ ratings,Biryani,Biryani
389453,BIRYANI 99,India,"Vasai,Mumbai",,Too Few Ratings,Biryani,Biryani
169768,Shibbu Snacks Corner,India,"Mayur Vihar,Delhi",,Too Few Ratings,Indian,Indian
296056,Big Bowl Company,India,"Mahalaxmi Malabar Hill,Mumbai",3.9,100+ ratings,"North Indian,Chinese","North Indian,Chinese"
413028,etawah junction  cafe,India,Etawah,,Too Few Ratings,"Chinese,Beverages","Chinese,Beverages"
298965,Kalpataru Hotel & Restaurant,India,"Bally,Kolkata",3.6,50+ ratings,Indian,Indian
446145,O CHEF Cafe,India,Chiplun,4.1,20+ ratings,Continental,Continental
390164,NH1 Bowls - Highway To North,India,"Kukatpally,Hyderabad",3.6,20+ ratings,"North Indian,Punjabi","North Indian,Punjabi"
514999,Chinese House,India,"Bandra West,Mumbai",4.2,20+ ratings,"Chinese,Asian","Chinese,Asian"
557953,PIZZA ADDA,India,Varanasi,,Too Few Ratings,"Pizzas,American","Pizzas,American"
481676,Saheb Foods,India,"Kirti Nagar,Delhi",,Too Few Ratings,Fast Food,Fast Food
510241,Martino'z Pizza,India,Gondal,,Too Few Ratings,"Pizzas,Italian","Pizzas,Italian"
407109,TEA TIME,India,"Avadi,Chennai",4.0,50+ ratings,Beverages,Beverages
129679,Ponram Multi Cuisine Restaurant,India,Dindigul,4.3,50+ ratings,"North Indian,South Indian","North Indian,South Indian"
316715,CHAMPARAN MEAT,India,"Rajarhat,Kolkata",4.0,20+ ratings,Indian,Indian
486621,JLWA Restaurant & Bar,India,Kanpur,,Too Few Ratings,"Chinese,Indian","Chinese,Indian"
493170,NIC Natural Ice Creams,India,Aurangabad,4.4,100+ ratings,"Ice Cream,Desserts","Ice Cream,Desserts"
450799,Paratha Box by EatFit,India,"Adyar,Chennai",4.2,50+ ratings,"North Indian,Punjabi","North Indian,Punjabi"
580557,Doner & Gyros,India,"Greater Kailash 2,Delhi",,Too Few Ratings,"Lebanese,Middle Eastern","Lebanese,Middle Eastern"
419737,Raj Fast Food And Cafe,India,Barmer,,Too Few Ratings,"Continental,Italian","Continental,Italian"
305790,Barbeque Nation,India,Central-goa,3.7,100+ ratings,"North Indian,Barbecue","North Indian,Barbecue"
143740,Jhulelal Pani-Puri (Original),India,"Mulund,Mumbai",4.5,100+ ratings,Chaat,Chaat
416824,Swiss Castle,India,"Tarnaka, Nacharam & Malkajigiri,Hyderabad",4.5,100+ ratings,"Bakery,Sweets","Bakery,Sweets"
571280,THE CAKE BASKET AND CAFE,India,Kolhapur,,Too Few Ratings,Bakery,Bakery
553738,Shree Parcel Point,India,Porbandar,4.2,20+ ratings,"Chinese,Indian","Chinese,Indian"
576131,VELLA FOOD COURT,India,Patna,,Too Few Ratings,"Chinese,Snacks","Chinese,Snacks"
408976,Bombay Kulfi,India,"Kammanahalli/Kalyan Nagar,Bangalore",4.3,100+ ratings,"Desserts,Ice Cream","Desserts,Ice Cream"
565336,Kusum Foods,India,Noida-1,,Too Few Ratings,"Indian,North Indian","Indian,North Indian"
541348,Woo Hoo China,India,"Powai,Mumbai",,Too Few Ratings,"Chinese,Snacks","Chinese,Snacks"
503469,La Pino'z Pizza,India,"Alipore,Kolkata",3.7,500+ ratings,"Pizzas,Fast Food","Pizzas,Fast Food"
556815,Vada pav no 1,India,Agra,,Too Few Ratings,"Street Food,Fast Food","Street Food,Fast Food"
523748,Love birds cafe and fast food,India,"Manasarovar,Jaipur",5.0,20+ ratings,"Beverages,Fast Food","Beverages,Fast Food"
94987,Mohabbath Restaurant,India,"Saravanampatti,Coimbatore",3.8,100+ ratings,"Kerala,South Indian","Kerala,South Indian"
81662,"Bird valley, Thermax chowk",India,"Nigdi,Pune",4.3,50+ ratings,"Chinese,North Indian","Chinese,North Indian"
496355,Rohit Cafe,India,"Aliganj,Lucknow",,Too Few Ratings,"Indian,South Indian","Indian,South Indian"
406891,cake box,India,Bikaner,4.3,100+ ratings,"Bakery,Desserts","Bakery,Desserts"
63998,WaffleBae,India,"Panampilly Nagar,Kochi",4.3,100+ ratings,"Desserts,Beverages","Desserts,Beverages"
444409,Sai Rajpoot,India,Bhadohi,3.6,50+ ratings,"South Indian,Bakery","South Indian,Bakery"
405086,UPVAS SPECIAL,India,"Bhosari,Pune",,Too Few Ratings,Indian,Indian
49630,Hangry Panda,India,"Viman Nagar,Pune",,Too Few Ratings,North Indian,North Indian
527718,Mama's Kitchen,India,"Dumdum,Kolkata",,Too Few Ratings,Chinese,Chinese
519610,Bun & Mayo,India,Ranchi,,Too Few Ratings,"American,Fast Food","American,Fast Food"
394548,Bhagat Veg Restaurant,India,"Powai,Mumbai",,Too Few Ratings,"Indian,North Indian","Indian,North Indian"
404530,KAGJ- Khana Aisa Ghar Jaisa,India,"Chattarpur,Delhi",,Too Few Ratings,Indian,Indian
197165,Blue Moon Family Restaurant,India,Srikakulam,3.4,50+ ratings,Biryani,Biryani
247721,AMERICAN EXPRESS KITCHEN,India,Habra,,Too Few Ratings,"Chinese,Italian","Chinese,Italian"
152743,Nilavara Restaurant,India,"Kadubeesanahalli,Bangalore",4.0,500+ ratings,"Kerala,Biryani","Kerala,Biryani"
335221,Biryani Mount,India,"Kammanahalli/Kalyan Nagar,Bangalore",3.9,50+ ratings,"Biryani,Indian","Biryani,Indian"
545949,Om Sai Punjabi Dhaba Pure Veg family Restaurant,India,North-goa,,Too Few Ratings,"North Indian,South Indian","North Indian,South Indian"
547762,The Fast Monk,India,"Sector-14,Gurgaon",,Too Few Ratings,"Chinese,Snacks","Chinese,Snacks"
325628,The Soul Food,India,"Salt Lake,Kolkata",,Too Few Ratings,North Indian,North Indian
555857,THE DOWN TOWN CAFE AND RESTRO,India,"Sitabuldi,Nagpur",,Too Few Ratings,"Fast Food,Burgers","Fast Food,Burgers"
379931,Moon light Uyyala jampala,India,Nellore,2.2,50+ ratings,"Biryani,Chinese","Biryani,Chinese"
569262,WOW BENGALI RANNAGHAR (2),India,"Garia,Kolkata",,Too Few Ratings,"Indian,Thalis","Indian,Thalis"
564128,Big Brother Cafe,India,"Rajarajeshwari Nagar,Bangalore",,Too Few Ratings,Beverages,Beverages
525151,La Pino'z Pizza,India,Jamshedpur,3.9,500+ ratings,"Pizzas,Fast Food","Pizzas,Fast Food"
305528,Maalgaadi by Dhaba Estd 1986 Delhi,India,"Vasant Kunj,Delhi",3.9,100+ ratings,"North Indian,Indian","North Indian,Indian"
452498,Carkhana Family Restraunt,India,Gwalior,2.3,20+ ratings,"Indian,Chinese","Indian,Chinese"
525153,Ministry Of Soups,India,"Vashi,Mumbai",,Too Few Ratings,Chinese,Chinese
509648,Delhi Grill,India,"Dharampeth,Nagpur",,Too Few Ratings,"North Indian,Kebabs","North Indian,Kebabs"
447546,TEABON FOODS,India,"Guindy,Chennai",4.1,50+ ratings,"Beverages,Chinese","Beverages,Chinese"
325784,ZAIKA RESTAURANT,India,"Panchkula,Chandigarh",,Too Few Ratings,Indian,Indian
484187,FOOD CARNIVAL,India,"MVP Colony,Vizag",,Too Few Ratings,Snacks,Snacks
42219,Salt 'n' Pepper,India,"West Chd,Chandigarh",,Too Few Ratings,North Indian,North Indian
63267,Shreenath Food Joint,India,"Dharampeth,Nagpur",3.7,500+ ratings,"Chaat,Chinese","Chaat,Chinese"
410900,WOK JOY,India,"Alipore,Kolkata",,Too Few Ratings,"Chinese,Oriental","Chinese,Oriental"
9601,Momos Madness,India,"Manikonda,Hyderabad",,Too Few Ratings,"Fast Food,Chinese","Fast Food,Chinese"
344028,Taj Kabeb Family Restaurant,India,Madanapalle,3.4,50+ ratings,"Biryani,Kebabs","Biryani,Kebabs"
482992,Danny'S Coffee Bar,India,"Chandkheda,Ahmedabad",,Too Few Ratings,"Fast Food,Pizzas","Fast Food,Pizzas"
397806,The Kitchen Restaurant,India,Puri,3.8,20+ ratings,"Indian,Chinese","Indian,Chinese"
535252,The Foodie Stop,India,"Chinar Park,Kolkata",,Too Few Ratings,"Fast Food,Italian","Fast Food,Italian"
576475,COMMANDO FOOD CAPITAL,India,"South Chd,Chandigarh",,Too Few Ratings,Bakery,Bakery
438056,A1 Restaurant,India,Tiruvannamalai,3.6,50+ ratings,"Italian,Chinese","Italian,Chinese"
181010,Thulasi Mess,India,"Arumbakkam,Chennai",4.1,20+ ratings,"South Indian,North Indian","South Indian,North Indian"
413629,CakeZone,India,"Attapur,Hyderabad",4.0,100+ ratings,"Desserts,Bakery","Desserts,Bakery"
133172,Appana restaurant,India,"BTM,Bangalore",,Too Few Ratings,North Indian,North Indian
442765,SHAWARMA TREASURY,India,"Viman Nagar,Pune",,Too Few Ratings,Arabian,Arabian
142374,Arabian Restaurant,India,Thoothukudi,4.0,20+ ratings,"Chinese,South Indian","Chinese,South Indian"
451803,COOL DECK COFFEE,India,Bikaner,,Too Few Ratings,"Pizzas,Fast Food","Pizzas,Fast Food"
547728,One Bite,India,Durgapur,,Too Few Ratings,"Beverages,Italian","Beverages,Italian"
530670,Momo @ Ch 63,India,"Tambaram,Chennai",,Too Few Ratings,Chinese,Chinese
562433,Mitho Wok Street,India,Bhopal,4.2,20+ ratings,"Asian,Chinese","Asian,Chinese"
557433,Biriyani Adda,India,"Annanagar,Chennai",4.0,50+ ratings,Biryani,Biryani
32723,McDonald's,India,"Vadapalani,Chennai",4.3,1K+ ratings,"Burgers,Beverages","Burgers,Beverages"
340902,Kung Fu Kitchen,India,"Baner,Pune",,Too Few Ratings,Chinese,Chinese
303852,Bar Bytes and Beyond,India,"Koramangala,Bangalore",,Too Few Ratings,Salads,Salads
526438,BUNNY CAKE,India,"Zirakpur,Chandigarh",,Too Few Ratings,Bakery,Bakery
432117,The Sugar Free Keto Kafe - By Artinci,India,"Vashi,Mumbai",4.2,20+ ratings,"Healthy Food,Keto","Healthy Food,Keto"
366261,Dumont Creamery,India,"Nanakramguda,Hyderabad",4.5,20+ ratings,"Beverages,Ice Cream","Beverages,Ice Cream"
492131,Domink Pizza,India,Gorakhpur,,Too Few Ratings,"Pizzas,Snacks","Pizzas,Snacks"
514337,Chatkara,India,"Wardha Road,Nagpur",,Too Few Ratings,Chaat,Chaat
569467,PUJARIS VEGG TREAT,India,"Nigdi,Pune",,Too Few Ratings,"South Indian,Snacks","South Indian,Snacks"
471489,Amazing Cake And Pestris,India,"Sadar,Nagpur",,Too Few Ratings,Bakery,Bakery
479861,Mumbai kulfi Ashok Nagar,India,"Vadapalani,Chennai",,Too Few Ratings,"Ice Cream,Beverages","Ice Cream,Beverages"
262564,Faasos - Wraps & Rolls,India,"Vanasthalipuram,Hyderabad",4.0,100+ ratings,"Fast Food,Snacks","Fast Food,Snacks"
73285,Curry Leaf,India,"Hazratganj,Lucknow",4.3,500+ ratings,South Indian,South Indian
240796,Pizza Hut,India,"Gandhinagar,Ahmedabad",3.4,100+ ratings,Pizzas,Pizzas
200348,Super YADGAR Biryani - Original,India,Jalgaon,,Too Few Ratings,Biryani,Biryani
580953,Chands butter chicken,India,"Wakad,Pune",,Too Few Ratings,"North Indian,Indian","North Indian,Indian"
304464,Phuket Street,India,"Annanagar,Chennai",4.2,100+ ratings,Thai,Thai
431505,Yummy Cafeteria,India,Alipurduar,,Too Few Ratings,Ice Cream,Ice Cream
436547,Acchan Shri Foods,India,"New Palasia,Indore",,Too Few Ratings,South Indian,South Indian
451022,Beyond Veg,India,"Raj Nagar,Noida",,Too Few Ratings,"North Indian,Tandoor","North Indian,Tandoor"
392098,Bakery King,India,Gorakhpur,,Too Few Ratings,North Indian,North Indian
358852,Chufang,India,"Gomti Nagar,Lucknow",,Too Few Ratings,"Chinese,Fast Food","Chinese,Fast Food"
282724,Hungry Junction,India,Jorhat,3.9,20+ ratings,"Fast Food,Chinese","Fast Food,Chinese"
184235,Mahamaya Sweets & Snacks,India,Kishanganj,4.1,50+ ratings,"Desserts,Chinese","Desserts,Chinese"
350123,SIMLA DHABA,India,"Vasai,Mumbai",3.7,20+ ratings,"Chinese,Indian","Chinese,Indian"
97167,Gokul Restaurant,India,Hubli,4.1,100+ ratings,"South Indian,North Indian","South Indian,North Indian"
55161,SL Family Restaurant,India,"Whitefield,Bangalore",,Too Few Ratings,North Indian,North Indian
578002,The Pizza House,India,Amritsar,,Too Few Ratings,"Pizzas,Italian-American","Pizzas,Italian-American"
532425,Shiva Tiffin Center,India,"Nanakramguda,Hyderabad",,Too Few Ratings,"South Indian,Snacks","South Indian,Snacks"
453850,D-Zaprino,India,Patna,3.7,100+ ratings,"Continental,Desserts","Continental,Desserts"
534276,NAALNAAD MANE,India,"Arekere,Bangalore",4.8,100+ ratings,"Indian,South Indian","Indian,South Indian"
491770,Sewali Akhol,India,Dibrugarh,3.0,20+ ratings,Indian,Indian
138308,Food Boy Cafe,India,Jalgaon,,Too Few Ratings,"Pizzas,Snacks","Pizzas,Snacks"
332650,Star Kitchen,India,Bhubaneswar,,Too Few Ratings,"Indian,Chinese","Indian,Chinese"
18493,"Apni Rasoi (Sector 9 DC Chowk, Rohini)",India,"Rohini,Delhi",3.8,500+ ratings,North Indian,North Indian
105122,Parth Juice Cafe Centre,India,Gwalior,3.4,50+ ratings,"Beverages,Fast Food","Beverages,Fast Food"
307494,Shawarma And Burger Spot,India,"Urapakkam,Chennai",4.0,20+ ratings,Continental,Continental
487336,Chinese Monk (NO MSG),India,"Marathahalli,Bangalore",3.9,20+ ratings,"Chinese,Asian","Chinese,Asian"
567540,Adarsh Bhavan (A Unit Of Everest Kitchen),India,"Madhapur,Hyderabad",,Too Few Ratings,"Chinese,Biryani","Chinese,Biryani"
474370,Shakezone,India,"Sangvi,Pune",,Too Few Ratings,Beverages,Beverages
101115,Juice Romantic,India,Mangaluru,4.1,100+ ratings,"Chinese,South Indian","Chinese,South Indian"
65902,Tacos And Tahini,India,"Adajan,Surat",,Too Few Ratings,"Mexican,Italian","Mexican,Italian"
529533,Magic Pancakes,India,"Bopal,Ahmedabad",,Too Few Ratings,"Waffle,Desserts","Waffle,Desserts"
511904,Masala Meals,India,"Magarpatta,Pune",,Too Few Ratings,Indian,Indian
390040,NH1 Bowls - Highway To North,India,"Arekere,Bangalore",4.2,20+ ratings,"North Indian,Punjabi","North Indian,Punjabi"
408738,KADAI,India,"Tambaram,Chennai",,Too Few Ratings,Beverages,Beverages
52884,Gillys Redefined,India,"Koramangala,Bangalore",,Too Few Ratings,"American,Andhra","American,Andhra"
479973,Dhaba 56,India,"Rohini,Delhi",,Too Few Ratings,"Indian,Snacks","Indian,Snacks"
568906,GHAZIABAD CHAAP JUNCTION,India,"Raj Nagar,Noida",,Too Few Ratings,"North Indian,Tandoor","North Indian,Tandoor"
208487,The Old Kalika Hotel [Since 1964],India,Azamgarh,2.8,100+ ratings,"North Indian,Chinese","North Indian,Chinese"
521753,Mohammad Desi Ghee Mutton,India,"Dilshad Gardens,Delhi",,Too Few Ratings,"North Indian,Pizzas","North Indian,Pizzas"
182112,Gujju Hotel,India,Bharabanki,3.7,20+ ratings,"North Indian,Ice Cream","North Indian,Ice Cream"
252449,Masala Pantry,India,"BTM,Bangalore",4.2,100+ ratings,"North Indian,Biryani","North Indian,Biryani"
395284,McDonald's Gourmet Burger Collection,India,"Bhayandar,Mumbai",,Too Few Ratings,"Burgers,Beverages","Burgers,Beverages"
508452,HOT N KOOL,India,Bhopal,,Too Few Ratings,"Bakery,Juices","Bakery,Juices"
165381,Bengal Diet Snacks,India,"Howrah,Kolkata",,Too Few Ratings,"Continental,Snacks","Continental,Snacks"
364239,Amritsari Dhaba ( Pure Veg ),India,Sangli,,Too Few Ratings,"North Indian,Punjabi","North Indian,Punjabi"
219321,Balaji Mithai Wala & Chat,India,"Santoshnagar & Saidabad,Hyderabad",3.8,100+ ratings,Sweets,Sweets
444906,Nagpal Chole Bhature,India,"Dwarka,Delhi",4.0,100+ ratings,"Indian,Beverages","Indian,Beverages"
482353,Sorbetto,India,"Koramangala,Bangalore",4.0,100+ ratings,"Ice Cream,Desserts","Ice Cream,Desserts"
559521,Biggies Burger,India,"Whitefield,Bangalore",,Too Few Ratings,"American,Fast Food","American,Fast Food"
113678,Tea Villa Cafe,India,"Shivaji Nagar,Pune",,Too Few Ratings,"Continental,Desserts","Continental,Desserts"
65574,Haq Foods,India,"Aminabad,Lucknow",3.3,100+ ratings,Mughlai,Mughlai
16436,Walk in the Woods,India,Noida-1,,Too Few Ratings,"North Indian,Chinese","North Indian,Chinese"
542565,Maa Tara Sweets,India,"Dumdum,Kolkata",,Too Few Ratings,Sweets,Sweets
451486,Wack Waffles & Brownies,India,"Vashi,Mumbai",3.9,50+ ratings,"Waffle,Desserts","Waffle,Desserts"
545866,Sri Kumaran Sweets and Bakery,India,"Karappakam,Chennai",,Too Few Ratings,"Bakery,Snacks","Bakery,Snacks"
517727,Ramesh Burger Shop,India,Tohana,,Too Few Ratings,"American,Chaat","American,Chaat"
399216,Boom Bakery,India,Bagdogra,,Too Few Ratings,"Bakery,Chinese","Bakery,Chinese"
419788,Have A Bite,India,"Rohini,Delhi",,Too Few Ratings,Chinese,Chinese
247113,RK CHINESE HUT,India,"BTM,Bangalore",,Too Few Ratings,"Chinese,Fast Food","Chinese,Fast Food"
353265,NIGHT EAT,India,"Guindy,Chennai",3.9,100+ ratings,"Chinese,Fast Food","Chinese,Fast Food"
379520,Hunger Choice,India,"Ruby Area,Kolkata",,Too Few Ratings,Snacks,Snacks
425052,Mahi Chanese Center,India,"Nandanvan,Nagpur",,Too Few Ratings,Chinese,Chinese
394783,THE BURGER BAR,India,Kolhapur,,Too Few Ratings,"Continental,Tandoor","Continental,Tandoor"
487983,Cake Event,India,"Kirti Nagar,Delhi",,Too Few Ratings,"Bakery,Pizzas","Bakery,Pizzas"
470060,Parag Milk Bar And Cafeteria,India,Faizabad,3.7,20+ ratings,"North Indian,Chinese","North Indian,Chinese"
419360,CHARSI CHAAP,India,"Dilshad Gardens,Delhi",,Too Few Ratings,"North Indian,Tandoor","North Indian,Tandoor"
385168,SUNRISE MOTEL,India,Bahadurgarh,,Too Few Ratings,North Indian,North Indian
371557,Motu Chicken,India,Ajmer,3.8,50+ ratings,"Indian,Chinese","Indian,Chinese"
410958,sandwich corner,India,"Mogappair,Chennai",,Too Few Ratings,Snacks,Snacks
446287,Bali meat point,India,"Laxmi Nagar,Delhi",,Too Few Ratings,"Indian,Thalis","Indian,Thalis"
318150,BURGER CHEF,India,"Hadapsar,Pune",3.4,20+ ratings,"Fast Food,Snacks","Fast Food,Snacks"
84274,Chennupati Tiffins,India,"Gajuwaka,Vizag",4.1,500+ ratings,South Indian,South Indian
313419,Askanytime Kitchen,India,"Vastrapur,Ahmedabad",,Too Few Ratings,"Indian,North Indian","Indian,North Indian"
393563,Banu Beef Paradise,India,Madurai,4.1,500+ ratings,"Biryani,Arabian","Biryani,Arabian"
266950,Oru Porotta Kada,India,Thiruvananthapuram,4.2,100+ ratings,Indian,Indian
222642,Domino's Pizza,India,"Rajouri Garden,Delhi",4.2,100+ ratings,Pizzas,Pizzas
93923,Treat Ice Cream Parlour,India,Kakinada,4.1,100+ ratings,Ice Cream,Ice Cream
310440,Makhni Brothers,India,"Piplod,Surat",4.0,100+ ratings,"North Indian,Kebabs","North Indian,Kebabs"
414193,Sri Kaveri Bhavan,India,"Mogappair,Chennai",,Too Few Ratings,"Biryani,South Indian","Biryani,South Indian"
200964,Sana Fast Food and Biryani Center,India,Bilaspur,3.5,20+ ratings,"Biryani,Chinese","Biryani,Chinese"
261294,The Momo box,India,"Magarpatta,Pune",3.8,100+ ratings,"Chinese,Tibetan","Chinese,Tibetan"
73141,The London Shakes,India,"South Chd,Chandigarh",4.1,100+ ratings,"Beverages,American","Beverages,American"
426448,SAI KITCHEN,India,"Garia,Kolkata",,Too Few Ratings,"North Indian,Snacks","North Indian,Snacks"
210648,Thampi's Takeaway - Karamana,India,Thiruvananthapuram,4.0,1K+ ratings,South Indian,South Indian
574807,Chinese Corner,India,"Baner,Pune",,Too Few Ratings,Chinese,Chinese
505856,Brood Buns,India,"Marathahalli,Bangalore",,Too Few Ratings,"Snacks,American","Snacks,American"
24075,Cafe Momos,India,"Bibwewadi,Pune",4.1,100+ ratings,Beverages,Beverages
487877,Raju Bhel,India,"Kharadi,Pune",,Too Few Ratings,Chaat,Chaat
468305,The Wheel's Restro,India,"Ganeshguri,Guwahati",,Too Few Ratings,"Chinese,Combo","Chinese,Combo"
207850,Mother Masala,India,"Virar,Mumbai",4.0,50+ ratings,"Chinese,Indian","Chinese,Indian"
19117,Cafe Coffee Day,India,"South Kolkata,Kolkata",4.3,100+ ratings,"Beverages,Snacks","Beverages,Snacks"
367208,The Aurum Cloud,India,"Panampilly Nagar,Kochi",4.6,100+ ratings,"Kerala,North Indian","Kerala,North Indian"
573330,JOYOUS CHATS,India,"BTM,Bangalore",,Too Few Ratings,"Chaat,Street Food","Chaat,Street Food"
515516,Absolute Shawarma,India,Samastipur,,Too Few Ratings,"Lebanese,Snacks","Lebanese,Snacks"
481738,KASU KABE FAST FOOD CORNER,India,Siliguri,,Too Few Ratings,Chinese,Chinese
292302,ROYAL KERALA KITCHEN,India,"Yelahanka,Bangalore",,Too Few Ratings,North Indian,North Indian
357470,Hyderabadi Dum Biryani,India,"Rohini,Delhi",3.5,100+ ratings,"Biryani,North Indian","Biryani,North Indian"
370125,RAM FAST FOOD,India,"Hathibarkala,Dehradun",,Too Few Ratings,Chinese,Chinese
428717,CHAI VAAI CAFE,India,"Kothapet & Dilsukhnagar,Hyderabad",,Too Few Ratings,"Snacks,Indian","Snacks,Indian"
562568,PAMMA DI HATTI,India,"NSP,Delhi",,Too Few Ratings,"North Indian,Indian","North Indian,Indian"
231879,Hotel Nalanda,India,Palakkad,4.1,100+ ratings,"South Indian,Arabian","South Indian,Arabian"
97229,Iceberg Organic Icecreams,India,Nellore,3.9,50+ ratings,"Ice Cream,Beverages","Ice Cream,Beverages"
471973,PANDEY SWEET&CATERING SERVICES,India,"Greater Mohali,Chandigarh",,Too Few Ratings,"North Indian,Biryani","North Indian,Biryani"
502434,Sage Farm Cafe,India,"Gachibowli,Hyderabad",,Too Few Ratings,"Pizzas,Salads","Pizzas,Salads"
351174,V Cafe - Meals By PVR,India,"South Tukoganj,Indore",3.9,100+ ratings,"Pizzas,Snacks","Pizzas,Snacks"
520977,BIRYANI CORNER,India,"Urapakkam,Chennai",,Too Few Ratings,"Biryani,Chinese","Biryani,Chinese"
127688,Family Choice Restaurant,India,Aligarh,3.3,500+ ratings,"Mughlai,Tandoor","Mughlai,Tandoor"
527894,Wrapiees,India,"N A D,Vizag",,Too Few Ratings,"Snacks,Indian","Snacks,Indian"
68352,Tea Post,India,"Akota,Vadodara",4.3,20+ ratings,Beverages,Beverages
477831,CAFE OSCAR,India,Saharanpur,,Too Few Ratings,"Fast Food,Snacks","Fast Food,Snacks"
514006,S S R FOODLAND,India,"Airoli,Mumbai",,Too Few Ratings,"South Indian,Indian","South Indian,Indian"
346022,cake merchant,India,"Old Gurgaon (Zone 6),Gurgaon",,Too Few Ratings,Bakery,Bakery
414714,Bhikharam Chandmal Rajuji,India,"Bally,Kolkata",4.1,50+ ratings,"Sweets,Snacks","Sweets,Snacks"
210892,Behrouz Biryani,India,"North Mohali,Chandigarh",4.3,500+ ratings,"Biryani,Mughlai","Biryani,Mughlai"
538758,Paratha Wale,India,"Manikonda,Hyderabad",,Too Few Ratings,Indian,Indian
435409,Super Naturals,India,"Tarnaka, Nacharam & Malkajigiri,Hyderabad",,Too Few Ratings,"Juices,Beverages","Juices,Beverages"
484883,Fusion Bowl,India,"Electronic City,Bangalore",4.4,20+ ratings,"North Indian,Indian","North Indian,Indian"
538823,Salty's chinese restaurant,India,"PCMC,Pune",,Too Few Ratings,Chinese,Chinese
1730,Namaste Sigri (Salaam Sigri),India,"Sanjay Nagar, New BEL Road,Bangalore",4.1,100+ ratings,Kebabs,Kebabs
483806,Hotel Amantran,India,Halol,,Too Few Ratings,"Chinese,Indian","Chinese,Indian"
258153,Great Indian Khichdi by EatFit,India,Bikaner,4.4,500+ ratings,"Home Food,Indian","Home Food,Indian"
303278,FRIED KITCHEN BASKET (Hang On),India,Chikkaballapur,3.1,20+ ratings,"Beverages,Snacks","Beverages,Snacks"
154144,Rountana Star Briyani,India,Tiruvannamalai,3.9,100+ ratings,"Chinese,Biryani","Chinese,Biryani"
541891,Call 99Pizza,India,"Jasola,Delhi",3.6,20+ ratings,"Pizzas,Fast Food","Pizzas,Fast Food"
540001,Sabrosa Plato,India,Alipurduar,,Too Few Ratings,"Fast Food,Indian","Fast Food,Indian"
53710,Chef Express,India,"T Nagar,Chennai",3.9,100+ ratings,Italian,Italian
537415,Curry Leaves,India,"Dwarka,Delhi",,Too Few Ratings,"North Indian,South Indian","North Indian,South Indian"
513997,Swiffin Cake Shop,India,"Adajan,Surat",,Too Few Ratings,"Desserts,Bakery","Desserts,Bakery"
98898,Kathi Junction,India,Patna,3.8,100+ ratings,"Indian,Chinese","Indian,Chinese"
50867,Pizza Army,India,"Madipakkam,Chennai",4.0,100+ ratings,"American,Pizzas","American,Pizzas"
509173,Pizzasta,India,"Bavdhan,Pune",,Too Few Ratings,"Fast Food,Beverages","Fast Food,Beverages"
576544,Bachelor Paratha Junction,India,"Malviya Nagar,Delhi",,Too Few Ratings,"North Indian,Indian","North Indian,Indian"
169467,FlyingKombucha,India,"Mahadevpura,Bangalore",,Too Few Ratings,"American,Beverages","American,Beverages"
347161,Gastronome By The Zuri Whitefield,India,"Whitefield,Bangalore",,Too Few Ratings,Indian,Indian
420720,Dairy Day Ice Creams,India,"Koramangala,Bangalore",4.4,50+ ratings,"Ice Cream,Desserts","Ice Cream,Desserts"
467805,Handi Curry Co,India,"Jasola,Delhi",,Too Few Ratings,"North Indian,Biryani","North Indian,Biryani"
385158,Appas south indian cafe,India,Aurangabad,3.9,20+ ratings,"South Indian,Snacks","South Indian,Snacks"
369176,Jaatre,India,"Sector-14,Gurgaon",,Too Few Ratings,"Desserts,Ice Cream","Desserts,Ice Cream"
289579,Cafe Coffee Day,India,Aligarh,3.9,50+ ratings,"Beverages,Snacks","Beverages,Snacks"
413177,yashoda fresh juice factory,India,"Manikonda,Hyderabad",,Too Few Ratings,Beverages,Beverages
534258,GM Pizza Treat (SIT Backgate),India,Tumakuru,,Too Few Ratings,"Pizzas,Fast Food","Pizzas,Fast Food"
525255,Chinese Wok World,India,"Gomti Nagar,Lucknow",,Too Few Ratings,"Chinese,Snacks","Chinese,Snacks"
221914,Spicehaus by Kaffeehaus,India,Thiruvananthapuram,3.8,500+ ratings,Continental,Continental
439193,Krishna Pure Veg Breakfast,India,"Behala,Kolkata",,Too Few Ratings,"Indian,Bihari","Indian,Bihari"
347201,C M bakery and juice point,India,"Marathahalli,Bangalore",,Too Few Ratings,Indian,Indian
549085,MORNING DELIGHT,India,"Dwarka Nagar,Vizag",,Too Few Ratings,South Indian,South Indian
278422,Kwality Walls Frozen Dessert and Ice Cream Shop,India,Medinipur,4.7,100+ ratings,"Desserts,Ice Cream","Desserts,Ice Cream"
382528,Sardarji Londonwaley,India,"Sanjay Nagar, New BEL Road,Bangalore",4.0,20+ ratings,"North Indian,Punjabi","North Indian,Punjabi"
398526,Dolma's Momo Station,India,"Indirapuram,Delhi",,Too Few Ratings,Chinese,Chinese
75583,New Santosh Bhojanalaya,India,Udaipur,,Too Few Ratings,North Indian,North Indian
555395,Mast Punjabi Dhabha,India,Ajmer,,Too Few Ratings,"North Indian,Indian","North Indian,Indian"
499904,RNM Food Container,India,"Madhapur,Hyderabad",,Too Few Ratings,"Biryani,Snacks","Biryani,Snacks"
356887,DESI INDORI DHABA,India,"Hinjewadi,Pune",3.8,100+ ratings,"Indian,Thalis","Indian,Thalis"
96018,Dumpling  Momo,India,Ranchi,4.2,100+ ratings,"Chinese,Fast Food","Chinese,Fast Food"
501832,Simply Indian,India,"Bally,Kolkata",,Too Few Ratings,"Juices,Beverages","Juices,Beverages"
494033,Kukdukoo,India,"sohna road,Gurgaon",,Too Few Ratings,"North Indian,Snacks","North Indian,Snacks"
327208,Kvell Biriyani And Grills,India,Siwan,3.5,20+ ratings,"Chinese,Indian","Chinese,Indian"
493131,Gulgula Jalebi And Juice Center,India,"Nandanvan,Nagpur",,Too Few Ratings,Sweets,Sweets
89462,Jail - The indorii Cafe,India,"Bhawar Kuan,Indore",,Too Few Ratings,Fast Food,Fast Food
417313,NOTO - Healthy Ice Cream,India,Bikaner,4.2,50+ ratings,Ice Cream,Ice Cream
406257,SUJATHA MILITARY HOTEL,India,"JP Nagar,Bangalore",,Too Few Ratings,"Biryani,Indian","Biryani,Indian"
15493,Ya Basa-The Dhaba,India,"Kharadi,Pune",4.1,100+ ratings,"Seafood,North Indian","Seafood,North Indian"
444517,Dragon King Chinese,India,"Kothrud,Pune",,Too Few Ratings,Chinese,Chinese
571629,Cha-A-Adda,India,"Bally,Kolkata",,Too Few Ratings,"Italian-American,Chinese","Italian-American,Chinese"
458522,KC Bakers,India,"Old Gurgaon (Zone 6),Gurgaon",,Too Few Ratings,Bakery,Bakery
526860,SAI FOODS,India,"Adyar,Chennai",,Too Few Ratings,"Indian,Chinese","Indian,Chinese"
313685,Itminaan Biryani - Dum Pukht,India,"Baner,Pune",4.3,20+ ratings,"Biryani,North Indian","Biryani,North Indian"
292386,Punjabi Meal Company,India,Sirsa,,Too Few Ratings,Indian,Indian
415584,LAMHE 1980S,India,"Manikonda,Hyderabad",4.0,50+ ratings,Desserts,Desserts
268596,SHER-E-PUNJAB,India,"Greater Mohali,Chandigarh",3.2,20+ ratings,"North Indian,Punjabi","North Indian,Punjabi"
398649,SARANSH DI HATTI,India,"Uttam Nagar,Delhi",,Too Few Ratings,"Indian,Chinese","Indian,Chinese"
511202,DATTAGURU FOOD,India,Aurangabad,,Too Few Ratings,"Fast Food,Italian","Fast Food,Italian"
551985,HOME MEAL,India,"Dumdum,Kolkata",,Too Few Ratings,"Indian,Chinese","Indian,Chinese"
486195,Hotel Egale Executive,India,"PCMC,Pune",,Too Few Ratings,"North Indian,Mughlai","North Indian,Mughlai"
516269,Moodys Misal and Snacks,India,"Kharadi,Pune",,Too Few Ratings,Indian,Indian
46648,Shri Balaajee Bhavan,India,"Urapakkam,Chennai",4.4,1K+ ratings,"South Indian,North Indian","South Indian,North Indian"
541441,PARTI PASTRIES,India,"Panampilly Nagar,Kochi",,Too Few Ratings,Bakery,Bakery
51693,Tea Break,India,"Karappakam,Chennai",4.2,100+ ratings,Bakery,Bakery
447287,Food So Good Fast Food,India,Imphal,,Too Few Ratings,"Chinese,Indian","Chinese,Indian"
444562,Hot And Crispy Fried Chicken,India,"Porur,Chennai",4.2,20+ ratings,"Fast Food,Beverages","Fast Food,Beverages"
567688,Kolhapuri Vada Pav Center,India,Aurangabad,,Too Few Ratings,Snacks,Snacks
137093,Milap Family Restaurant,India,Katni,3.0,20+ ratings,"North Indian,Mughlai","North Indian,Mughlai"
509506,Hotel Jagdamb Dhaba,India,"Vashi,Mumbai",,Too Few Ratings,"Maharashtrian,Chinese","Maharashtrian,Chinese"
495274,Momo King,India,Kalady,4.3,50+ ratings,"Chinese,Fast Food","Chinese,Fast Food"
533514,The Galley Eats,India,North-goa,,Too Few Ratings,"Indian,North Indian","Indian,North Indian"
536119,VAIBHAVI AMERICAN FOOD DESHI STYLE,India,"Aminabad,Lucknow",,Too Few Ratings,"Chinese,Pizzas","Chinese,Pizzas"
570823,Dumpling and Momo,India,Faridabad,,Too Few Ratings,"North Indian,Snacks","North Indian,Snacks"
81258,Kaffee haus,India,"Vasai,Mumbai",3.9,20+ ratings,"Continental,Chinese","Continental,Chinese"
79041,Pizza Mia,India,Central-goa,3.8,50+ ratings,"Pizzas,Continental","Pizzas,Continental"
401029,Shree Mithai,India,"Vadapalani,Chennai",4.5,1K+ ratings,"Desserts,Street Food","Desserts,Street Food"
464596,BUTTER CHICKEN DELHI-6,India,"Kirti Nagar,Delhi",,Too Few Ratings,"North Indian,Chinese","North Indian,Chinese"
464602,Kulcha Point,India,Varanasi,2.8,20+ ratings,"Indian,Punjabi","Indian,Punjabi"
570643,Chiah Hok,India,"JP Nagar,Bangalore",,Too Few Ratings,"Chinese,Beverages","Chinese,Beverages"
552642,Sangam Sweets,India,"JP Nagar,Bangalore",4.4,100+ ratings,"Sweets,Chaat","Sweets,Chaat"
576687,GOLDEN CAVE MULTICUISINE RESTAURANT,India,"Ameerpet,Hyderabad",,Too Few Ratings,"North Indian,Chinese","North Indian,Chinese"
203680,The Irish House,India,"Greater Kailash 2,Delhi",,Too Few Ratings,"American,European","American,European"
460950,Mangalam restaurant,India,"Garia,Kolkata",,Too Few Ratings,"Chinese,South Indian","Chinese,South Indian"
244225,Hotel Pandian,India,"Villivakkam,Chennai",3.8,100+ ratings,"South Indian,Biryani","South Indian,Biryani"
371473,Polar Star,India,"Annanagar,Chennai",,Too Few Ratings,"Continental,Italian-American","Continental,Italian-American"
295948,Yo! Pizza,India,Bathinda,3.8,50+ ratings,"Pizzas,Chinese","Pizzas,Chinese"
112531,Laxmi Confectioers,India,Ajmer,,Too Few Ratings,Desserts,Desserts
371244,VAAZHAI ILAI VIRUNDHU,India,"Mogappair,Chennai",,Too Few Ratings,"South Indian,Indian","South Indian,Indian"
562559,The Burger Company,India,"Dwarka,Delhi",,Too Few Ratings,"American,Beverages","American,Beverages"
261176,Santushti Shake & More,India,Anand,4.3,20+ ratings,"Desserts,Ice Cream","Desserts,Ice Cream"
486144,Hn'ny Pizzeria,India,Panipat,,Too Few Ratings,"Pizzas,Pastas","Pizzas,Pastas"
428240,Pizza Maker s,India,Hoshiarpur,3.4,20+ ratings,"Pizzas,Beverages","Pizzas,Beverages"
416549,Yadav Sweets And Dhaba,India,"Malviya Nagar,Delhi",3.5,20+ ratings,"Indian,Snacks","Indian,Snacks"
496058,The Oriental Bowl,India,"Powai,Mumbai",,Too Few Ratings,"Chinese,Snacks","Chinese,Snacks"
298351,GANGS OF GOLI,India,"Raj Nagar,Noida",,Too Few Ratings,Indian,Indian
182750,Bangs,India,Jammu,3.7,20+ ratings,North Indian,North Indian
421537,Slurpy Shakes,India,Noida-1,,Too Few Ratings,"Beverages,Ice Cream","Beverages,Ice Cream"
561050,Arctic Shakes,India,"Greater Kailash 2,Delhi",,Too Few Ratings,"Beverages,Ice Cream","Beverages,Ice Cream"
71460,Food Uncensored,India,"Malviya Nagar,Delhi",,Too Few Ratings,"Desserts,Pizzas","Desserts,Pizzas"
334993,Santushti tandoori affairs,India,"Malviya Nagar,Delhi",,Too Few Ratings,"North Indian,Indian","North Indian,Indian"
427778,PUNE ADDA,India,"Bibwewadi,Pune",4.5,50+ ratings,"North Indian,Chinese","North Indian,Chinese"
79653,Chennai Express,India,"Santoshpur,Kolkata",4.3,100+ ratings,South Indian,South Indian
555905,ROYAL PARATHA,India,Noida-1,,Too Few Ratings,"North Indian,Tandoor","North Indian,Tandoor"
530415,Pizza Inn,India,"Urapakkam,Chennai",,Too Few Ratings,"Pizzas,Italian","Pizzas,Italian"
416370,The Dessert Zone,India,Tirupati,3.7,100+ ratings,"Bakery,Desserts","Bakery,Desserts"
328627,Pizza By Jacks,India,"Dugri,Ludhiana",3.8,50+ ratings,Pizzas,Pizzas
551007,Street Food,India,Kendujhar,3.7,50+ ratings,"North Indian,Chinese","North Indian,Chinese"
557707,Hot Pan,India,"Viman Nagar,Pune",,Too Few Ratings,"Fast Food,Indian","Fast Food,Indian"
554753,Pizza Junction,India,"Narhe,Pune",,Too Few Ratings,"Pizzas,Fast Food","Pizzas,Fast Food"
485598,Mr&Mrs Biryani,India,"Madhapur,Hyderabad",4.2,20+ ratings,Biryani,Biryani
450510,PRADEEP EGG CENTER,India,"Rohini,Delhi",,Too Few Ratings,Snacks,Snacks
572899,Hotel Mamu Garden,India,Ramanathapuram,,Too Few Ratings,"South Indian,Chinese","South Indian,Chinese"
524513,CAFE NEW YORK GYMERS KITCHEN,India,Kapurthala,,Too Few Ratings,"Beverages,Fast Food","Beverages,Fast Food"
18110,Bhojohori Manna,India,"South Kolkata,Kolkata",4.3,100+ ratings,Bengali,Bengali
122928,Bowring Kulfis and Snacks (Goli Vadapav),India,"Yelahanka,Bangalore",,Too Few Ratings,Ice Cream,Ice Cream
85656,Gangour,India,"Piplod,Surat",3.8,50+ ratings,"Chaat,South Indian","Chaat,South Indian"
573456,"Frozen Bottle - Milkshakes, Desserts And Ice Cream",India,"Bandra West,Mumbai",4.5,20+ ratings,"Beverages,Desserts","Beverages,Desserts"
281602,harvest club,India,"Kothrud,Pune",4.5,20+ ratings,"Indian,Chinese","Indian,Chinese"
444780,THEOBROMA,India,"Rohini,Delhi",4.5,100+ ratings,"Desserts,Bakery","Desserts,Bakery"
542473,FRISPY,India,"Alwal,Hyderabad",,Too Few Ratings,"Fast Food,Snacks","Fast Food,Snacks"
521325,Chai waale,India,"Guindy,Chennai",4.3,50+ ratings,"Bakery,Beverages","Bakery,Beverages"
407378,Wow! China,India,"Velachery,Chennai",3.4,100+ ratings,"Tibetan,Chinese","Tibetan,Chinese"
484630,SRI GAGA PIZZA'S,India,Kakinada,,Too Few Ratings,"Italian,Fast Food","Italian,Fast Food"
538697,The Hangover BBQ Chicken Truck,India,Thiruvarur,,Too Few Ratings,Barbecue,Barbecue
519192,Narayan Dakshin Dawangere Dosa Center,India,"Swargate,Pune",,Too Few Ratings,South Indian,South Indian
329461,BAKKINGS ELITE,India,"Annanagar,Chennai",,Too Few Ratings,"Bakery,Fast Food","Bakery,Fast Food"
367755,Anushka Chicken - Fish Fry,India,Ujjain,,Too Few Ratings,"Street Food,Indian","Street Food,Indian"
202313,DSF Grand Plazas PVT Ltd,India,Thoothukudi,,Too Few Ratings,"Chinese,Indian","Chinese,Indian"
440612,Taste Hub,India,"Gandhibagh,Nagpur",,Too Few Ratings,"Italian,Fast Food","Italian,Fast Food"
429024,Cheesecake & co.,India,Bikaner,4.3,100+ ratings,Bakery,Bakery
487593,WTF Nukkad,India,Jhansi,3.8,20+ ratings,"Chinese,Continental","Chinese,Continental"
548710,Samosa Party,India,"HSR,Bangalore",4.3,100+ ratings,"Chaat,North Indian","Chaat,North Indian"
572032,Veer ji da dhaba,India,"Rajouri Garden,Delhi",,Too Few Ratings,"North Indian,Snacks","North Indian,Snacks"
528277,Patitapaban Pure Veg Fast Food,India,Puri,,Too Few Ratings,"South Indian,Chinese","South Indian,Chinese"
529883,24 hrs taste of chandani chowk,India,"Dwarka,Delhi",,Too Few Ratings,North Indian,North Indian
382965,Mannas Chats Jam,India,"Rajarajeshwari Nagar,Bangalore",3.7,20+ ratings,"Snacks,Indian","Snacks,Indian"
566478,Faasos' Signature Wraps & Rolls,India,"Bandra West,Mumbai",,Too Few Ratings,"Snacks,Beverages","Snacks,Beverages"
172648,Hot N Chillj,India,"Rohini,Delhi",,Too Few Ratings,"Italian,Chinese","Italian,Chinese"
501942,RUCHI BITES,India,"Koramangala,Bangalore",,Too Few Ratings,Fast Food,Fast Food
172891,Jay Bhagvati Dryfruit Dish Gola,India,"Adajan,Surat",3.8,20+ ratings,"Desserts,Ice Cream","Desserts,Ice Cream"
569746,POOJA CATERERS,India,"Shivaji Nagar,Pune",,Too Few Ratings,"Fast Food,Beverages","Fast Food,Beverages"
420516,Food beast,India,Sultanpur,,Too Few Ratings,Chinese,Chinese
310658,ATTI JUICE & SNACKS,India,"Arumbakkam,Chennai",,Too Few Ratings,Indian,Indian
197706,Bikkgane Biryani,India,"Powai,Mumbai",4.1,1K+ ratings,"Biryani,Hyderabadi","Biryani,Hyderabadi"
567602,SS Food Court,India,"Gachibowli,Hyderabad",,Too Few Ratings,South Indian,South Indian
226946,Juices Zone,India,"BTM,Bangalore",3.1,20+ ratings,Beverages,Beverages
119672,Fresh Need Foods,India,Muzaffarpur,3.5,20+ ratings,"North Indian,Chinese","North Indian,Chinese"
419422,SARDAR JI MALAI CHAAP WALE,India,Kurukshetra,,Too Few Ratings,"Tandoor,Snacks","Tandoor,Snacks"
561840,NANASHRI MESS,India,"PCMC,Pune",,Too Few Ratings,"Indian,Biryani","Indian,Biryani"
506086,Green Grotto Bistro,India,Udaipur,,Too Few Ratings,"Snacks,Fast Food","Snacks,Fast Food"
437817,Pind Punjabi Express,India,"Rajarhat,Kolkata",3.8,50+ ratings,"North Indian,Indian","North Indian,Indian"
536632,ARTIST CAKE,India,Namakkal,,Too Few Ratings,Bakery,Bakery
371122,Golden Spoon,India,"Central Kolkata,Kolkata",4.0,20+ ratings,"Chinese,Biryani","Chinese,Biryani"
367800,Sukhi De Parathe,India,"Wakad,Pune",,Too Few Ratings,"North Indian,Chinese","North Indian,Chinese"
503798,Sandwich Junction,India,"Whitefield,Bangalore",,Too Few Ratings,Fast Food,Fast Food
187600,A.K. Chicken Corner,India,Bijnor,3.7,50+ ratings,"North Indian,Mughlai","North Indian,Mughlai"
467264,Samosa Cafe,India,"BRS Nagar,Ludhiana",,Too Few Ratings,"Snacks,American","Snacks,American"
71784,Euphoria Restaurant,India,"Nandanvan,Nagpur",,Too Few Ratings,"North Indian,Chinese","North Indian,Chinese"
521324,Momos Heaven,India,Karnal,,Too Few Ratings,"Chinese,Snacks","Chinese,Snacks"
407254,Pizza Hut,India,"Battarahalli,Bangalore",3.6,100+ ratings,Pizzas,Pizzas
410318,The Garlic Bread,India,"New Palasia,Indore",,Too Few Ratings,"Snacks,Beverages","Snacks,Beverages"
492883,Potful - Claypot Biryanis,India,"Manikonda,Hyderabad",3.9,100+ ratings,"Biryani,Kebabs","Biryani,Kebabs"
368506,HAPPYNESS RELOADED,India,"Madhapur,Hyderabad",3.5,20+ ratings,"Indian,Chinese","Indian,Chinese"
563113,ITC Fabelle Chocolates,India,"OMR Perungudi,Chennai",,Too Few Ratings,"Bakery,Desserts","Bakery,Desserts"
332593,Indiana Burgers,India,Mangaluru,4.4,100+ ratings,Fast Food,Fast Food
460237,Food Village,India,Manipal,,Too Few Ratings,"South Indian,North Indian","South Indian,North Indian"
222937,Fruit Bae,India,Kozhikode,4.2,100+ ratings,"Beverages,Juices","Beverages,Juices"
374732,Cheesiest Pizzas,India,"Akota,Vadodara",,Too Few Ratings,"Pizzas,Italian","Pizzas,Italian"
253447,MOMO,India,Davanagere,3.2,50+ ratings,Chinese,Chinese
111746,Cafe Roost Dine & Lounge,India,"Aliganj,Lucknow",3.8,50+ ratings,"Chinese,Indian","Chinese,Indian"
237340,Firangi Bake,India,"N A D,Vizag",3.8,20+ ratings,"Italian,Mexican","Italian,Mexican"
255872,Amadora Gourmet Ice Cream,India,"Velachery,Chennai",,Too Few Ratings,"Ice Cream,Desserts","Ice Cream,Desserts"
542754,Banarsi Khichdi Wala,India,"Indirapuram,Delhi",,Too Few Ratings,"Indian,Sweets","Indian,Sweets"
235587,Wok Me,India,"Greater Kailash 2,Delhi",4.2,20+ ratings,"Chinese,Thai","Chinese,Thai"
511877,Paachis Bakery,India,Kavali,,Too Few Ratings,"Bakery,Pizzas","Bakery,Pizzas"
52972,Behrouz Biryani,India,"Bibwewadi,Pune",4.5,100+ ratings,"Biryani,Mughlai","Biryani,Mughlai"
487177,JM Housefull Paratha and Pure Veg Restaurant,India,"Narhe,Pune",4.2,20+ ratings,"North Indian,Chinese","North Indian,Chinese"
498454,Floc For The Love Of Cake & Cafe,India,Bahadurgarh,,Too Few Ratings,"Fast Food,Snacks","Fast Food,Snacks"
399864,Sheetal Foods,India,"Narhe,Pune",,Too Few Ratings,Chinese,Chinese
504618,Alif Aahan,India,Ranaghat-wb,,Too Few Ratings,"Pizzas,Chinese","Pizzas,Chinese"
411774,DELHI THALI AND ROLLS HOUSE,India,"Indiranagar,Bangalore",,Too Few Ratings,"Chaat,Indian","Chaat,Indian"
307222,Chokho Jeemo - By Marwadi,India,Panipat,,Too Few Ratings,Rajasthani,Rajasthani
317981,DEVNARAYAN KULFI ICECREAM,India,"South Mohali,Chandigarh",,Too Few Ratings,Ice Cream,Ice Cream
533940,FOOD FORMULA CAFE,India,Ranchi,,Too Few Ratings,"Indian,Kebabs","Indian,Kebabs"
398025,D PIZEERIAS'S,India,"Geddalahalli,Bangalore",3.1,20+ ratings,"Pizzas,Pastas","Pizzas,Pastas"
226973,Makhan Bhog,India,Siliguri,3.9,100+ ratings,"Sweets,Snacks","Sweets,Snacks"
383007,Ayushman,India,"Burrabazar,Kolkata",,Too Few Ratings,"Chinese,Tandoor","Chinese,Tandoor"
434634,Muskan Hotel,India,Katihar,3.4,50+ ratings,North Indian,North Indian
292570,Mayura Sagar,India,"Whitefield,Bangalore",4.3,500+ ratings,"Indian,Chinese","Indian,Chinese"
576434,MERRYYANA,India,"Kharadi,Pune",,Too Few Ratings,"Waffle,Desserts","Waffle,Desserts"
341164,Prachand Food Service,India,"GOTA,Ahmedabad",,Too Few Ratings,Indian,Indian
130962,Sai Chinese And Fast Food,India,Amravati,3.3,100+ ratings,"North Indian,Chinese","North Indian,Chinese"
520011,Mr Taco Pizza Hut,India,"Kharkhana & Trimulgherry,Hyderabad",,Too Few Ratings,"Pizzas,Juices","Pizzas,Juices"
122574,Swagat Hotel,India,Nanded,,Too Few Ratings,"Chinese,Maharashtrian","Chinese,Maharashtrian"
410364,Shake It,India,"Jadavpur,Kolkata",,Too Few Ratings,Beverages,Beverages
68209,Reliance Bakery,India,"Begumpet,Hyderabad",4.3,100+ ratings,"Bakery,Desserts","Bakery,Desserts"
399909,K-9 Yummy Momos Centre,India,"Kharadi,Pune",,Too Few Ratings,Chinese,Chinese
440604,Paratha Box by EatFit,India,"Sai Baba Colony,Coimbatore",4.0,100+ ratings,"North Indian,Punjabi","North Indian,Punjabi"
527194,MAA TARA ENTERPRISE,India,"Ruby Area,Kolkata",,Too Few Ratings,"Desserts,Ice Cream","Desserts,Ice Cream"
509678,Sri Raghavendra Fast Food and Dhaba,India,"Attapur,Hyderabad",,Too Few Ratings,"North Indian,Chinese","North Indian,Chinese"
184431,Ossh Cafe,India,Hoshangabad,,Too Few Ratings,"Beverages,Italian","Beverages,Italian"
173994,Sree Baalaaji Bhavan Pure Veg (Anjali Bypass),India,Dindigul,4.2,20+ ratings,"North Indian,South Indian","North Indian,South Indian"
539428,Jenny's Brownies,India,Bhavnagar,,Too Few Ratings,"Bakery,Desserts","Bakery,Desserts"
433829,Friedwings,India,"Gajuwaka,Vizag",3.8,20+ ratings,Beverages,Beverages
573242,Little China,India,Siliguri,,Too Few Ratings,"Chinese,North Indian","Chinese,North Indian"
313836,Andhra Aromas,India,"Whitefield,Bangalore",,Too Few Ratings,"Andhra,Biryani","Andhra,Biryani"
103869,Hotel Atrium,India,Erode,4.0,100+ ratings,"Chinese,North Indian","Chinese,North Indian"
74099,Buhari Hotel,India,"Adyar,Chennai",4.5,100+ ratings,"Biryani,North Indian","Biryani,North Indian"
367303,RUGVED PURE VEG,India,"Bhosari,Pune",3.5,20+ ratings,North Indian,North Indian
315314,Food Plaza,India,Asansol,,Too Few Ratings,North Indian,North Indian
449785,MINGS WOK,India,"HSR,Bangalore",,Too Few Ratings,"Oriental,Chinese","Oriental,Chinese"
324085,AL BAIN RESTAURANT,India,"Kammanahalli/Kalyan Nagar,Bangalore",3.9,100+ ratings,"Middle Eastern,Biryani","Middle Eastern,Biryani"
374552,Shree Swami Samarth Poli Bhaji Kendra,India,"Kamothe,Mumbai",,Too Few Ratings,Indian,Indian
367042,Nityam Food Court,India,"Bandra West,Mumbai",4.3,100+ ratings,"Snacks,South Indian","Snacks,South Indian"
549944,Mama Mango snacks and foods,India,Noida-1,,Too Few Ratings,"Indian,Beverages","Indian,Beverages"
422887,Abu Zayed Bait Al Mandi,India,"Miyapur,Hyderabad",3.5,20+ ratings,Arabian,Arabian
394455,SANTOSH FAMILY DHABA,India,"Madhapur,Hyderabad",3.9,100+ ratings,"North Indian,Chinese","North Indian,Chinese"
55935,Flames,India,"South Chd,Chandigarh",4.1,500+ ratings,"Indian,Continental","Indian,Continental"
439355,CHICKEN KHURANA,India,"Uttam Nagar,Delhi",,Too Few Ratings,"Indian,Thalis","Indian,Thalis"
498106,NIRALA CHAT CORNER,India,Varanasi,,Too Few Ratings,"Chaat,Snacks","Chaat,Snacks"
560436,me donald's,India,"Sanjay Nagar, New BEL Road,Bangalore",,Too Few Ratings,"Fast Food,Snacks","Fast Food,Snacks"
187180,Royal Restaurant,India,"Nizampet & Pragathi Nagar,Hyderabad",,Too Few Ratings,"Biryani,North Indian","Biryani,North Indian"
78552,Prince Chinese,India,"Laxmi Nagar,Delhi",3.3,100+ ratings,Chinese,Chinese
113869,Cloud 9,India,Panipat,,Too Few Ratings,"Salads,Tandoor","Salads,Tandoor"
360556,Santosh Family Dhaba,India,"Manikonda,Hyderabad",3.8,500+ ratings,"North Indian,Chinese","North Indian,Chinese"
7312,Achayyan's,India,"Indiranagar,Bangalore",3.6,100+ ratings,"Kerala,South Indian","Kerala,South Indian"
344530,ANISH FAST FOOD,India,"Madipakkam,Chennai",,Too Few Ratings,Indian,Indian
563687,Namma Chennai Briyani,India,"Tambaram,Chennai",,Too Few Ratings,"Biryani,Chinese","Biryani,Chinese"
512527,Kritunga Family Restaurant,India,Ongole,3.2,100+ ratings,"North Indian,Chinese","North Indian,Chinese"
476861,Bawarchi,India,Sri-ganganagar,3.0,50+ ratings,"Fast Food,Chinese","Fast Food,Chinese"
467242,Coffee over Breakfast,India,"Mulund,Mumbai",3.6,20+ ratings,"Indian,North Indian","Indian,North Indian"
539261,TouchWood Cafe,India,Rourkela,,Too Few Ratings,Chinese,Chinese
87542,Pallavi Biryani,India,"Kukatpally,Hyderabad",3.6,1K+ ratings,"Biryani,North Indian","Biryani,North Indian"
527722,INDIAN DHABA,India,"Central Kolkata,Kolkata",,Too Few Ratings,"North Indian,Indian","North Indian,Indian"
537822,Poorvi Restaurant,India,Puri,,Too Few Ratings,"Snacks,Beverages","Snacks,Beverages"
433852,Nalam Natural drinks,India,"Hopes,Coimbatore",4.4,20+ ratings,"Beverages,Juices","Beverages,Juices"
157468,Bholenath Pizza Centre,India,Bhilwara,3.9,50+ ratings,Pizzas,Pizzas
198825,Royal Chicken 65 and Chinese Center,India,Latur,3.5,20+ ratings,"Biryani,Chinese","Biryani,Chinese"
549797,Punjabi Tapri,India,"Indirapuram,Delhi",4.4,20+ ratings,"Tandoor,North Indian","Tandoor,North Indian"
9386,The Chaiwala,India,"Jadavpur,Kolkata",4.3,100+ ratings,"American,Continental","American,Continental"
556026,BALAJI DUDH MISHTHAN BHANDAR,India,"Manasarovar,Jaipur",,Too Few Ratings,"Sweets,Snacks","Sweets,Snacks"
565379,BITE AND BEANS,India,"Old Palasia,Indore",,Too Few Ratings,"Beverages,Fast Food","Beverages,Fast Food"
425952,Yalla Momos,India,"Raj Nagar,Noida",,Too Few Ratings,"Chinese,North Indian","Chinese,North Indian"
471323,Amar Hotel,India,Malda,2.4,20+ ratings,"North Indian,Thalis","North Indian,Thalis"
575591,Tasty Biryani House,India,Mancherial,5.0,20+ ratings,Biryani,Biryani
415916,WAFFLES MAKERS,India,"Vasai,Mumbai",,Too Few Ratings,"Desserts,Beverages","Desserts,Beverages"
560338,Cake Me Away,India,"N A D,Vizag",,Too Few Ratings,"Bakery,Biryani","Bakery,Biryani"
68770,Food Republic,India,"Benz Circle and Auto Nagar,Vijayawada",3.9,100+ ratings,"Biryani,Chinese","Biryani,Chinese"
510777,Sujata Mastani,India,"Kothrud,Pune",4.4,100+ ratings,Ice Cream,Ice Cream
242975,Kumarakom,India,"Guindy,Chennai",4.3,100+ ratings,"North Indian,Chinese","North Indian,Chinese"
210719,New Famous Chicken  Fry Center,India,Jhansi,3.5,20+ ratings,"Biryani,North Indian","Biryani,North Indian"
558139,SINGH BIRIYANI HOUSE,India,"Chinar Park,Kolkata",,Too Few Ratings,"Biryani,Snacks","Biryani,Snacks"
35979,Cravingz,India,"Vastrapur,Ahmedabad",,Too Few Ratings,Fast Food,Fast Food
564581,Aai saheb machi hause,India,"Viman Nagar,Pune",,Too Few Ratings,"Thalis,Seafood","Thalis,Seafood"
503911,DOSA INFINITY MADURAI,India,Madurai,4.1,20+ ratings,South Indian,South Indian
392431,Breadoze Fast Food,India,"Adajan,Surat",,Too Few Ratings,Indian,Indian
107025,Cafe Mashallah,India,"Kondhwa,Pune",,Too Few Ratings,"Fast Food,Beverages","Fast Food,Beverages"
268153,Tarbouch Roll & Grills,India,"Sanjay Nagar, New BEL Road,Bangalore",4.0,100+ ratings,"Arabian,Turkish","Arabian,Turkish"
194157,The Chai Shala,India,Ratlam,2.7,20+ ratings,"Beverages,Fast Food","Beverages,Fast Food"
505515,Sanskari Biryani,India,"Attapur,Hyderabad",,Too Few Ratings,"Biryani,North Indian","Biryani,North Indian"
65184,Sonar Tori,India,"Salt Lake,Kolkata",4.1,100+ ratings,"Bengali,Indian","Bengali,Indian"
170041,Mani's Dum Biryani,India,"Electronic City,Bangalore",4.2,500+ ratings,Biryani,Biryani
139505,Baahubali Shawarmaz,India,"Coi_Ganapathy,Coimbatore",,Too Few Ratings,Beverages,Beverages
69892,Kanti Sweets,India,"Mahadevpura,Bangalore",4.5,100+ ratings,Desserts,Desserts
342317,Kanha Ki Rasoi,India,Hisar,,Too Few Ratings,North Indian,North Indian
561686,The Shady Room,India,Noida-1,,Too Few Ratings,"Snacks,Chinese","Snacks,Chinese"
572549,AL-BAIK.COM,India,Bhopal,,Too Few Ratings,"Snacks,Fast Food","Snacks,Fast Food"
449129,Cupsandcakes,India,"Rajouri Garden,Delhi",,Too Few Ratings,Bakery,Bakery
48475,Snacky,India,"Kharadi,Pune",3.5,50+ ratings,Snacks,Snacks
112388,Biryani House,India,Kolhapur,3.7,20+ ratings,Biryani,Biryani
374672,Mahaveer Snacks,India,Erode,3.5,20+ ratings,Beverages,Beverages
344870,Ulfat-E-Biryani,India,Bhilai,,Too Few Ratings,Biryani,Biryani
94883,Kiosk Fried Chicken,India,"Jubilee Hills,Hyderabad",4.0,100+ ratings,"Fast Food,Pizzas","Fast Food,Pizzas"
506646,Wat-a-thali!,India,"Ashok Vihar,Delhi",,Too Few Ratings,"North Indian,Chinese","North Indian,Chinese"
371066,Jyoti bakers & fastfood,India,Gonda,,Too Few Ratings,"Chinese,Bakery","Chinese,Bakery"
329928,Delhi Wah ji Wah,India,"Greater Mohali,Chandigarh",,Too Few Ratings,"Indian,Chinese","Indian,Chinese"
212853,Go69 Pizza,India,Pilibhit,3.4,100+ ratings,"Continental,Fast Food","Continental,Fast Food"
194704,New Madhur Sweets & Restaurant,India,Basti,2.9,50+ ratings,"South Indian,Bakery","South Indian,Bakery"
245270,MR. PAO,India,Bikaner,4.2,100+ ratings,"Maharashtrian,Snacks","Maharashtrian,Snacks"
211611,Apple Restaurant,India,Yavatmal,,Too Few Ratings,"Maharashtrian,North Indian","Maharashtrian,North Indian"
472720,PASTASCIUTTA,India,"Mayur Vihar,Delhi",,Too Few Ratings,Snacks,Snacks
577253,Nutrivibes,India,"Paldi & Ambawadi,Ahmedabad",,Too Few Ratings,Salads,Salads
468013,delicious food point,India,"NIT_FBD,Gurgaon",,Too Few Ratings,Pizzas,Pizzas
411162,MAMA MACHIWALA,India,"Gachibowli,Hyderabad",,Too Few Ratings,Indian,Indian
407005,My Pizza,India,"Dwarka Nagar,Vizag",,Too Few Ratings,"Italian,Pizzas","Italian,Pizzas"
560433,HUNGER TREATS,India,"Arekere,Bangalore",5.0,50+ ratings,"Burgers,Snacks","Burgers,Snacks"
132485,Go 69 Pizza,India,Shahjahanpur,3.1,100+ ratings,"Italian,North Indian","Italian,North Indian"
12532,Kamboj Restaurant,India,Noida-1,3.8,500+ ratings,"Mughlai,North Indian","Mughlai,North Indian"
108655,Chawlas 2,India,Bahadurgarh,4.1,20+ ratings,"North Indian,Chinese","North Indian,Chinese"
536563,KUMBHAKARAN BIRYANI,India,Hubli,,Too Few Ratings,"Biryani,North Indian","Biryani,North Indian"
432996,Tasty Nashta Center,India,"Wardha Road,Nagpur",,Too Few Ratings,"South Indian,Snacks","South Indian,Snacks"
556830,THE MOGHUL BIRYANI,India,"Manikonda,Hyderabad",,Too Few Ratings,Biryani,Biryani
218263,BURGER & FRIES Co.,India,"GTB Nagar,Delhi",,Too Few Ratings,Indian,Indian
92240,Biriyani Zone,India,"Yelahanka,Bangalore",4.3,500+ ratings,"Biryani,Andhra","Biryani,Andhra"
374937,Baked 4 U,India,"Gomti Nagar,Lucknow",,Too Few Ratings,"Bakery,Desserts","Bakery,Desserts"
518144,The MEALS EXPRESS,India,"Vasant Kunj,Delhi",,Too Few Ratings,"North Indian,Beverages","North Indian,Beverages"
489206,Pasta Dal Cuore,India,Bikaner,,Too Few Ratings,Pastas,Pastas
415908,Swiss Castle,India,"Tolichowki,Hyderabad",4.4,100+ ratings,"Bakery,Sweets","Bakery,Sweets"
564650,SANDWICH WORLD,India,Madurai,,Too Few Ratings,"Fast Food,Snacks","Fast Food,Snacks"
510331,Epicure Family Restaurant,India,"Bhosari,Pune",,Too Few Ratings,Chinese,Chinese
475790,SHAAHIYAAR,India,"Kharkhana & Trimulgherry,Hyderabad",,Too Few Ratings,Biryani,Biryani
194982,Marwadi Bhojnalya,India,Begusarai,4.1,100+ ratings,North Indian,North Indian
165804,Cafe Pb 9teen,India,Barnala,,Too Few Ratings,"Italian,Beverages","Italian,Beverages"
488902,BIRYANI PARAMBARAI,India,"Coi_Ganapathy,Coimbatore",,Too Few Ratings,"Biryani,Chinese","Biryani,Chinese"
358801,Kebabs in Roll - Lake Mall,India,"South Kolkata,Kolkata",4.3,50+ ratings,"Biryani,Kebabs","Biryani,Kebabs"
512561,BURGER TIME,India,Doddaballapura,,Too Few Ratings,Fast Food,Fast Food
99553,GM Gopal Maharaj,India,"Paltan Bazaar,Guwahati",4.0,500+ ratings,"Indian,Chinese","Indian,Chinese"
443971,Street House Bakers,India,Aligarh,,Too Few Ratings,Bakery,Bakery
433752,Design Cake,India,"Kirti Nagar,Delhi",,Too Few Ratings,Bakery,Bakery
334433,For Foodlovers,India,"Kadubeesanahalli,Bangalore",4.0,20+ ratings,"Kerala,North Indian","Kerala,North Indian"
42366,Special Food Corners,India,"Rohini,Delhi",4.6,20+ ratings,"Indian,Snacks","Indian,Snacks"
371891,MoonMoon - Juicy Crustwiches,India,"Rajouri Garden,Delhi",4.1,100+ ratings,"American,Snacks","American,Snacks"
487791,HOTEL REDDYS KITCHEN,India,"Kharadi,Pune",,Too Few Ratings,Biryani,Biryani
92336,A1 Chips,India,Tirupur,4.5,20+ ratings,Indian,Indian
484223,Chickenology,India,"Hadapsar,Pune",,Too Few Ratings,"Fast Food,Beverages","Fast Food,Beverages"
368233,Itminaan Biryani - Dum Pukht,India,"Bhosari,Pune",3.7,50+ ratings,"Biryani,North Indian","Biryani,North Indian"
133242,Jagu Chew Chow,India,Belgaum,3.5,50+ ratings,Chinese,Chinese
480523,Smoke House,India,Narasaraopet,4.2,20+ ratings,"Biryani,Chinese","Biryani,Chinese"
375407,Shero Home - My Bowl,India,"Purasawalkam,Chennai",,Too Few Ratings,"South Indian,Healthy Food","South Indian,Healthy Food"
310145,Dial A Biryani,India,"Whitefield,Bangalore",,Too Few Ratings,"North Indian,Biryani","North Indian,Biryani"
409789,CHI FOOD CHINESE OR INDIAN,India,"Malviya Nagar,Delhi",,Too Few Ratings,"Chinese,Indian","Chinese,Indian"
374200,3 Mangos,India,"Kammanahalli/Kalyan Nagar,Bangalore",3.7,20+ ratings,"Juices,Ice Cream","Juices,Ice Cream"
191659,Bhola Litti,India,Ranchi,4.2,100+ ratings,"Snacks,Street Food","Snacks,Street Food"
136698,Arabian Nights - Dabagardens,India,"Dwarka Nagar,Vizag",,Too Few Ratings,"Indian,Chinese","Indian,Chinese"
203324,Annies Bake Hut,India,Fazilka,3.4,50+ ratings,"Italian,Beverages","Italian,Beverages"
485042,Momo Zone - The Momo Company,India,"Malviya Nagar,Delhi",4.1,20+ ratings,"Chinese,Tibetan","Chinese,Tibetan"
439329,Victory Bombay Coffee & Co.,India,"Panchkula,Chandigarh",,Too Few Ratings,"Desserts,Bakery","Desserts,Bakery"
413654,Shozo Bakers,India,"Akota,Vadodara",,Too Few Ratings,"Desserts,Bakery","Desserts,Bakery"
138814,Naman Food Centre,India,Katni,,Too Few Ratings,"North Indian,Chinese","North Indian,Chinese"
533561,Bakers delight,India,"Arekere,Bangalore",,Too Few Ratings,"Bakery,Fast Food","Bakery,Fast Food"
309242,Paandikadai-Chettinad kitchen by Salt,India,"Koramangala,Bangalore",,Too Few Ratings,"Biryani,South Indian","Biryani,South Indian"
522768,Ambur Briyani,India,Kodaikanal,3.4,50+ ratings,"Biryani,Indian","Biryani,Indian"
481314,Varun's Kitchen,India,Raghunathpur,4.2,100+ ratings,"Pizzas,Pastas","Pizzas,Pastas"
339478,Pop Tate's,India,"Bandra West,Mumbai",4.4,20+ ratings,"Continental,Italian","Continental,Italian"
129300,Neelam Sandwich & Pizza,India,"Naranpura,Ahmedabad",4.1,50+ ratings,Snacks,Snacks
453166,Prabaa Royal Park,India,Chittoor,3.7,20+ ratings,"North Indian,Indian","North Indian,Indian"
570948,Chinese BAE,India,Noida-1,,Too Few Ratings,"Chinese,Burmese","Chinese,Burmese"
562919,Mr.Jack,India,"Virar,Mumbai",,Too Few Ratings,"Chinese,Indian","Chinese,Indian"
559560,Chaayos Chai+Snacks=Relax,India,"Perambur,Chennai",4.7,20+ ratings,"Bakery,Beverages","Bakery,Beverages"
503871,Matka Biryani Chef,India,"Lajpat Nagar,Delhi",,Too Few Ratings,"Biryani,Beverages","Biryani,Beverages"
421396,Tandoori Party,India,"Rajarajeshwari Nagar,Bangalore",,Too Few Ratings,Tandoor,Tandoor
380600,Itminaan Biryani - Dum Pukht,India,"Indirapuram,Delhi",4.0,20+ ratings,"Biryani,North Indian","Biryani,North Indian"
536652,CAFE TRUPT,India,Jodhpur,,Too Few Ratings,"Beverages,Fast Food","Beverages,Fast Food"
35716,Sweet Truth - Cake and Desserts,India,"T Nagar,Chennai",4.2,50+ ratings,"Ice Cream,Bakery","Ice Cream,Bakery"
537979,SEETAIAHS VILLAGE DHABA,India,"Governorpet,Vijayawada",,Too Few Ratings,"Chinese,Biryani","Chinese,Biryani"
348914,AROMAS OF BENGAL,India,"Madhapur,Hyderabad",3.6,100+ ratings,Indian,Indian
38255,Cafe Deja Vu,India,"Shivaji Nagar,Pune",,Too Few Ratings,"Continental,Pizzas","Continental,Pizzas"
537438,Rawal Baker's (Huda),India,Panipat,,Too Few Ratings,"Bakery,Snacks","Bakery,Snacks"
539478,HARSHADA FOOD COURT,India,"Lingampally & Nalagandla,Hyderabad",,Too Few Ratings,"Chinese,Snacks","Chinese,Snacks"
573831,Naaine's Bakery Foods,India,Noida-1,,Too Few Ratings,"Pizzas,Fast Food","Pizzas,Fast Food"
102041,Blue Sapphire,India,Adityapur,,Too Few Ratings,"Indian,Biryani","Indian,Biryani"
420338,Vello Ka Adda,India,"Central Kolkata,Kolkata",,Too Few Ratings,"Chinese,Italian","Chinese,Italian"
18689,Fancy Ice Cream,India,"Kothapet & Dilsukhnagar,Hyderabad",4.0,100+ ratings,Desserts,Desserts
458544,FRIED KOZHI,India,"George Town,Chennai",,Too Few Ratings,"Snacks,Pizzas","Snacks,Pizzas"
144250,Jai Balaji Chinese,India,Dhule,,Too Few Ratings,Chinese,Chinese
388543,JAI GURU JI SWEETS AND RESTAURANTS,India,"NIT_FBD,Gurgaon",,Too Few Ratings,"Indian,Chinese","Indian,Chinese"
158660,Firangi Bake,India,"Dilshad Gardens,Delhi",3.8,20+ ratings,"Italian,Mexican","Italian,Mexican"
117280,Petal Of Love And Cake,India,Varanasi,4.0,100+ ratings,"Bakery,Pizzas","Bakery,Pizzas"
577917,THE SPICY EXPRESS,India,"Madhapur,Hyderabad",,Too Few Ratings,"Chinese,Pizzas","Chinese,Pizzas"
217786,Sri krishna sweets,India,"Mogappair,Chennai",4.4,50+ ratings,"Sweets,Snacks","Sweets,Snacks"
261657,The Punjabi Food Factory,India,"Rajouri Garden,Delhi",,Too Few Ratings,Indian,Indian
467309,Zayan Biryani House,India,"Viman Nagar,Pune",,Too Few Ratings,"Biryani,North Indian","Biryani,North Indian"
91682,Kolkata express,India,"Purasawalkam,Chennai",,Too Few Ratings,Chaat,Chaat
318879,Mr.Bean's Pizza,India,Sonipat,,Too Few Ratings,"Pizzas,Beverages","Pizzas,Beverages"
412132,SHREE ATHITHI HOTELS PVT LTD,India,"Kanakapura Road,Bangalore",,Too Few Ratings,"Chinese,Indian","Chinese,Indian"
165736,Sunny Chicken (Veg & Non Veg),India,Hoshiarpur,3.0,20+ ratings,North Indian,North Indian
64818,Sagar Juice Center,India,"Old Palasia,Indore",3.8,100+ ratings,Beverages,Beverages
401464,The Chinese Wok,India,"Bally,Kolkata",3.7,20+ ratings,Chinese,Chinese
195734,Garv Se Kaho Hum Chatore Hai,India,Jagdalpur,,Too Few Ratings,"Italian,Beverages","Italian,Beverages"
485487,Munch N More Foods,India,"Adajan,Surat",,Too Few Ratings,"Beverages,Snacks","Beverages,Snacks"
246718,BEGUM'S KITCHEN,India,"Greater Mohali,Chandigarh",3.7,20+ ratings,Indian,Indian
218125,153 Biere Street,India,"Whitefield,Bangalore",3.8,20+ ratings,"Asian,Chinese","Asian,Chinese"
510617,Anusha Modern Masala,India,Machilipatnam,,Too Few Ratings,"Street Food,Chaat","Street Food,Chaat"
397019,AJAY SADAKSHI BAKERS,India,"Chukkuwala,Dehradun",,Too Few Ratings,"Bakery,Desserts","Bakery,Desserts"
565621,Breakfast Time,India,Ankleshwar,,Too Few Ratings,"Indian,Fast Food","Indian,Fast Food"
556502,RRIENDS RESTAURANT,India,Dausa,,Too Few Ratings,"Fast Food,Pizzas","Fast Food,Pizzas"
565514,Chithas Restaurant,India,"Tambaram,Chennai",,Too Few Ratings,South Indian,South Indian
348401,THE ROLL HUB CAFE,India,Wardha,,Too Few Ratings,"Chinese,Continental","Chinese,Continental"
505002,Bhojpuriya Bhojnalaya,India,Arrah,,Too Few Ratings,"Bihari,Indian","Bihari,Indian"
224105,Shanghai 21,India,"Vashi,Mumbai",,Too Few Ratings,Indian,Indian
164613,El Mexicano,India,"East Chd,Chandigarh",4.0,100+ ratings,"Mexican,Beverages","Mexican,Beverages"
306326,Chennai chicken chettinad biryani,India,Guntur,2.7,50+ ratings,Biryani,Biryani
412505,CHINA CHOWK,India,"sohna road,Gurgaon",,Too Few Ratings,Chinese,Chinese
39782,Idly Dosa For You,India,"Miyapur,Hyderabad",3.9,5K+ ratings,South Indian,South Indian
235859,Sri Sai daba,India,Chitradurga,4.0,20+ ratings,"Indian,North Indian","Indian,North Indian"
27063,Cafe Russmunch,India,"NSP,Delhi",3.8,50+ ratings,"Snacks,Italian","Snacks,Italian"
399053,Barbecue Express Delivery,India,"Dharampeth,Nagpur",4.1,100+ ratings,"Biryani,Kebabs","Biryani,Kebabs"
534105,Maharaja Military Hotel,India,Vizianagaram,,Too Few Ratings,"North Indian,Biryani","North Indian,Biryani"
465776,Cuppa Redefined,India,"Mysore South,Mysore",4.0,100+ ratings,"Healthy Food,Continental","Healthy Food,Continental"
45578,Akshay Pure Veg,India,"Baner,Pune",4.2,100+ ratings,"North Indian,South Indian","North Indian,South Indian"
89284,New Sagar Briyani Centre,India,"Garia,Kolkata",3.6,50+ ratings,"Biryani,Indian","Biryani,Indian"
26721,KFC,India,"Greater Kailash New,Delhi",4.0,500+ ratings,"American,Snacks","American,Snacks"
531687,JK Omlette,India,"Vastrapur,Ahmedabad",,Too Few Ratings,Indian,Indian
24320,Nanumal Bhojraj ( Santacruz ),India,"Bandra West,Mumbai",3.7,20+ ratings,"North Indian,Chinese","North Indian,Chinese"
542768,Bismillah Hotel,India,Ooty,,Too Few Ratings,"North Indian,South Indian","North Indian,South Indian"
284774,Biergarten Brewery & Kitchen,India,"Koramangala,Bangalore",4.0,50+ ratings,"Continental,Pizzas","Continental,Pizzas"
572246,Only Aalloo Pyaz Restaurant,India,"Sector 15_FBD,Gurgaon",,Too Few Ratings,Indian,Indian
372965,Lilys Cafe,India,Nanded,,Too Few Ratings,"Ice Cream,Chinese","Ice Cream,Chinese"
152968,Dangee Dums,India,"Akota,Vadodara",4.1,50+ ratings,"Desserts,Ice Cream","Desserts,Ice Cream"
288420,Royal Bawarchi,India,Bikaner,3.8,20+ ratings,"North Indian,Mughlai","North Indian,Mughlai"
428005,Pizza Place,India,"North Mohali,Chandigarh",3.8,50+ ratings,"Pizzas,Mexican","Pizzas,Mexican"
265329,Halloa Coffee House,India,Mangaluru,,Too Few Ratings,Snacks,Snacks
161353,Khandelwal Pavitra Bhojanlaya,India,Alwar,3.3,20+ ratings,North Indian,North Indian
449179,FRIENDS DHABA,India,"Greater Mohali,Chandigarh",3.6,20+ ratings,"North Indian,Snacks","North Indian,Snacks"
311483,THE WAFFLE JAR,India,"Wakad,Pune",3.7,20+ ratings,"Desserts,Bakery","Desserts,Bakery"
164447,Mahesh Sweets & Restaurant,India,Sitapur,4.2,100+ ratings,"North Indian,Chinese","North Indian,Chinese"
572110,HOME FLAVOUR RESTAURANT,India,Varkala,,Too Few Ratings,"South Indian,Biryani","South Indian,Biryani"
532392,VAULT 99,India,"Geddalahalli,Bangalore",,Too Few Ratings,"Snacks,Italian","Snacks,Italian"
8264,Mazzala,India,"Bandra West,Mumbai",,Too Few Ratings,"South Indian,Fast Food","South Indian,Fast Food"
465113,SHOVIKA'S WELLNESS DIETS,India,"North Mohali,Chandigarh",,Too Few Ratings,"Healthy Food,Salads","Healthy Food,Salads"
504207,Utsav Pure Veg,India,"Vasai,Mumbai",,Too Few Ratings,"Chinese,Biryani","Chinese,Biryani"
421357,Pizza Xpress,India,Shivamogga,3.7,20+ ratings,Pizzas,Pizzas
569975,the pod cafe,India,"Karappakam,Chennai",,Too Few Ratings,"Cafe,Beverages","Cafe,Beverages"
542137,Rainbow Food Court,India,Kadapa,2.0,20+ ratings,"Chinese,Beverages","Chinese,Beverages"
395838,040 Dum Biryani,India,"Governorpet,Vijayawada",,Too Few Ratings,"Biryani,Chinese","Biryani,Chinese"
536241,RICE N ROLL,India,"Kothapet & Dilsukhnagar,Hyderabad",,Too Few Ratings,"Chinese,Biryani","Chinese,Biryani"
449353,DR MAGGI,India,"Tambaram,Chennai",,Too Few Ratings,Chinese,Chinese
301979,Just Bake - Cakes & Desserts,India,"Gachibowli,Hyderabad",4.2,50+ ratings,"Bakery,Desserts","Bakery,Desserts"
567601,Tiffin Fax,India,"Kirti Nagar,Delhi",,Too Few Ratings,Thalis,Thalis
461762,New Maa Durga Sweets & Dairy,India,"West Chd,Chandigarh",3.8,20+ ratings,"Sweets,Bakery","Sweets,Bakery"
179272,EnGulf Mandi,India,Pondicherry,3.6,100+ ratings,"North Indian,Tandoor","North Indian,Tandoor"
411575,Rice Bowl,India,"Jadavpur,Kolkata",,Too Few Ratings,"Chinese,Fast Food","Chinese,Fast Food"
459832,Chef Nation,India,"NSP,Delhi",4.3,20+ ratings,"Chinese,Beverages","Chinese,Beverages"
62437,The Sandwich Spot,India,"Ramapuram,Chennai",,Too Few Ratings,American,American
96709,Banarasiwala,India,"Velachery,Chennai",,Too Few Ratings,"Beverages,Juices","Beverages,Juices"
451349,Dugers Pizza,India,Gaya,,Too Few Ratings,Pizzas,Pizzas
427010,HOOKED,India,"Ganeshguri,Guwahati",,Too Few Ratings,"Chinese,Fast Food","Chinese,Fast Food"
464197,Stop N Joy,India,"Kanakapura Road,Bangalore",,Too Few Ratings,"Beverages,Street Food","Beverages,Street Food"
452389,Fit Bites Nutrition,India,Bhopal,4.6,50+ ratings,"Fast Food,Healthy Food","Fast Food,Healthy Food"
390368,The Patiala Club,India,Bahadurgarh,4.0,100+ ratings,"North Indian,Tandoor","North Indian,Tandoor"
393012,Shaan-e-Punjab,India,"Indiranagar,Bangalore",4.2,100+ ratings,"Tandoor,North Indian","Tandoor,North Indian"
423955,The Pizza Train,India,Gaya,4.1,20+ ratings,Pizzas,Pizzas
552352,KAVYA FAST FOOD & BHOJNALYA,India,Patna,,Too Few Ratings,Chinese,Chinese
411989,Chotus Dhaba,India,"Manikonda,Hyderabad",,Too Few Ratings,"Chinese,Tandoor","Chinese,Tandoor"
498485,Visa Hunger Spot,India,"Madhapur,Hyderabad",3.3,20+ ratings,"Pizzas,Beverages","Pizzas,Beverages"
568883,ZFC,India,"Kondapur,Hyderabad",,Too Few Ratings,"Fast Food,Snacks","Fast Food,Snacks"
379361,SUPREME SANDWICH CORNER,India,"Shivaji Nagar,Pune",,Too Few Ratings,"Snacks,Beverages","Snacks,Beverages"
361031,Thinduda - A Telangana Kitchen,India,"Kothapet & Dilsukhnagar,Hyderabad",4.0,100+ ratings,Indian,Indian
25880,Anchor Restaurant,India,"Mogappair,Chennai",4.3,100+ ratings,"Biryani,Chinese","Biryani,Chinese"
569559,Aww Momo's by Cumin,India,Central-goa,,Too Few Ratings,Chinese,Chinese
11255,Only Parathas ( Pure Veg ),India,"Scruz Bandra East,Mumbai",4.3,100+ ratings,"Street Food,North Indian","Street Food,North Indian"
572206,Punjab Food Way,India,"Chandkheda,Ahmedabad",4.3,20+ ratings,"North Indian,Indian","North Indian,Indian"
563221,Hello! Biryani,India,Noida-1,,Too Few Ratings,Biryani,Biryani
549925,Shiv Chinese Corner,India,"Viman Nagar,Pune",,Too Few Ratings,Chinese,Chinese
571427,Ghar Pakwan,India,"Kothapet & Dilsukhnagar,Hyderabad",,Too Few Ratings,"Hyderabadi,Indian","Hyderabadi,Indian"
495144,BOBY'S KITCHEN,India,North-goa,,Too Few Ratings,"Indian,Chinese","Indian,Chinese"
421217,Hotel D Silver Leaf,India,"Aminabad,Lucknow",,Too Few Ratings,Chinese,Chinese
495542,Toastymos,India,"Majestic,Bangalore",,Too Few Ratings,"Chinese,Snacks","Chinese,Snacks"
505112,Ekansh Chinese Centre,India,"Vijay Nagar,Indore",,Too Few Ratings,"Chinese,North Indian","Chinese,North Indian"
514884,La Pino'z Pizza,India,Sikar,4.0,1K+ ratings,"Ice Cream,Italian","Ice Cream,Italian"
129254,Swad Restaurant,India,Ujjain,,Too Few Ratings,Indian,Indian
116273,New Gangour Sweets (Bistupur),India,Adityapur,4.3,100+ ratings,Sweets,Sweets
573461,Apna Bhojanalya,India,Faridabad,,Too Few Ratings,"North Indian,Indian","North Indian,Indian"
465445,Shri Krishna Bhavan,India,"Perambur,Chennai",4.2,100+ ratings,"South Indian,North Indian","South Indian,North Indian"
401389,Yours Foody Hub,India,"South Mohali,Chandigarh",4.3,50+ ratings,"Pizzas,Pastas","Pizzas,Pastas"
504815,Kabir Singh Parantha Hut,India,"Dwarka,Delhi",,Too Few Ratings,"North Indian,Chinese","North Indian,Chinese"
425882,Cheesiaano Pizza,India,"Kompally,Hyderabad",4.0,100+ ratings,Pizzas,Pizzas
121480,Enjoy Pastry,India,"Malviya Nagar,Delhi",,Too Few Ratings,"Desserts,Bakery","Desserts,Bakery"
404852,Indotalian Pizza House,India,"Bally,Kolkata",,Too Few Ratings,"Pizzas,Fast Food","Pizzas,Fast Food"
259263,MOR MUKUT PITHA BHANDAR,India,Jhansi,,Too Few Ratings,"Street Food,Sweets","Street Food,Sweets"
26993,Cake Boutique,India,"Airoli,Mumbai",4.2,100+ ratings,"Desserts,Bakery","Desserts,Bakery"
375062,Biryani Trip,India,"CV Raman Nagar,Bangalore",3.9,100+ ratings,"Biryani,Hyderabadi","Biryani,Hyderabadi"
252547,Theobroma,India,"Aundh,Pune",4.6,100+ ratings,"Desserts,Bakery","Desserts,Bakery"
222538,Arabian hut,India,"Vadapalani,Chennai",3.9,100+ ratings,"Biryani,Chinese","Biryani,Chinese"
481834,Peppy Parathas & Rolls By Chai Point,India,"Vasant Kunj,Delhi",,Too Few Ratings,"Bakery,Combo","Bakery,Combo"
408155,KARIM S,India,"South Chd,Chandigarh",,Too Few Ratings,Indian,Indian
568873,SONU CHICKEN,India,Rohtak,,Too Few Ratings,"North Indian,Snacks","North Indian,Snacks"
447693,TAKSIM,India,"Alipore,Kolkata",,Too Few Ratings,Chinese,Chinese
533325,TRENDY POT,India,"Garia,Kolkata",,Too Few Ratings,"Indian,Biryani","Indian,Biryani"
56004,Giani's,India,Bikaner,4.4,100+ ratings,"Ice Cream,Desserts","Ice Cream,Desserts"
199614,Hariom Dossa Center,India,Gondia,,Too Few Ratings,"Chinese,South Indian","Chinese,South Indian"
442293,Currynest India,India,"Avadi,Chennai",2.9,20+ ratings,"North Indian,Chinese","North Indian,Chinese"
468347,Amrit Cafe,India,"Laxmi Nagar,Delhi",,Too Few Ratings,"North Indian,Pizzas","North Indian,Pizzas"
